event_id,timestamp,source,event_type,payload
37994,2026-04-18T19:04:34Z,S1,STATION_HEARTBEAT,"{""dock_occupied"": 1, ""power_connected"": true}"
37995,2026-04-18T19:04:39Z,S1,STATION_HEARTBEAT,"{""dock_occupied"": 1, ""power_connected"": true}"
37996,2026-04-18T19:04:44Z,S1,STATION_HEARTBEAT,"{""dock_occupied"": 1, ""power_connected"": true}"
37997,2026-04-18T19:04:49Z,S1,STATION_HEARTBEAT,"{""dock_occupied"": 1, ""power_connected"": true}"
37998,2026-04-18T19:04:54Z,S1,STATION_HEARTBEAT,"{""dock_occupied"": 1, ""power_connected"": true}"
37999,2026-04-18T19:04:59Z,S1,STATION_HEARTBEAT,"{""dock_occupied"": 1, ""power_connected"": true}"
38000,2026-04-18T19:05:04Z,S1,STATION_HEARTBEAT,"{""dock_occupied"": 1, ""power_connected"": true}"
38002,2026-04-18T19:05:09Z,S1,STATION_HEARTBEAT,"{""dock_occupied"": 1, ""power_connected"": true}"
38001,2026-04-18T19:05:09Z,S1,STATION_HEARTBEAT,"{""dock_occupied"": 1, ""power_connected"": true}"
38004,2026-04-18T19:05:10Z,S1,STATION_HEARTBEAT,"{""dock_occupied"": 1, ""power_connected"": true}"
38003,2026-04-18T19:05:10Z,S1,STATION_HEARTBEAT,"{""dock_occupied"": 1, ""power_connected"": true}"
38006,2026-04-18T19:05:14Z,S1,STATION_HEARTBEAT,"{""dock_occupied"": 1, ""power_connected"": true}"
38005,2026-04-18T19:05:14Z,S1,STATION_HEARTBEAT,"{""dock_occupied"": 1, ""power_connected"": true}"
38008,2026-04-18T19:05:19Z,S1,STATION_HEARTBEAT,"{""dock_occupied"": 1, ""power_connected"": true}"
38007,2026-04-18T19:05:19Z,S1,STATION_HEARTBEAT,"{""dock_occupied"": 1, ""power_connected"": true}"
38010,2026-04-18T19:05:24Z,S1,STATION_HEARTBEAT,"{""dock_occupied"": 1, ""power_connected"": true}"
38009,2026-04-18T19:05:24Z,S1,STATION_HEARTBEAT,"{""dock_occupied"": 1, ""power_connected"": true}"
38012,2026-04-18T19:05:29Z,S1,STATION_HEARTBEAT,"{""dock_occupied"": 1, ""power_connected"": true}"
38011,2026-04-18T19:05:29Z,S1,STATION_HEARTBEAT,"{""dock_occupied"": 1, ""power_connected"": true}"
38014,2026-04-18T19:05:34Z,S1,STATION_HEARTBEAT,"{""dock_occupied"": 1, ""power_connected"": true}"
38013,2026-04-18T19:05:34Z,S1,STATION_HEARTBEAT,"{""dock_occupied"": 1, ""power_connected"": true}"
38015,2026-04-18T19:05:39Z,S1,STATION_HEARTBEAT,"{""dock_occupied"": 1, ""power_connected"": true}"
38016,2026-04-18T19:05:43Z,S1,STATION_HEARTBEAT,"{""dock_occupied"": 1, ""power_connected"": true}"
38017,2026-04-18T19:05:44Z,S1,STATION_HEARTBEAT,"{""dock_occupied"": 1, ""power_connected"": true}"
38018,2026-04-18T19:05:49Z,S1,STATION_HEARTBEAT,"{""dock_occupied"": 1, ""power_connected"": true}"
38019,2026-04-18T19:05:54Z,S1,STATION_HEARTBEAT,"{""dock_occupied"": 1, ""power_connected"": true}"
38020,2026-04-18T19:05:59Z,S1,STATION_HEARTBEAT,"{""dock_occupied"": 1, ""power_connected"": true}"
38021,2026-04-18T19:06:04Z,S1,STATION_HEARTBEAT,"{""dock_occupied"": 1, ""power_connected"": true}"
38022,2026-04-18T19:06:09Z,S1,STATION_HEARTBEAT,"{""dock_occupied"": 1, ""power_connected"": true}"
38023,2026-04-18T19:06:16Z,S1,STATION_HEARTBEAT,"{""dock_occupied"": 1, ""power_connected"": true}"
38024,2026-04-18T19:06:21Z,S1,STATION_HEARTBEAT,"{""dock_occupied"": 1, ""power_connected"": true}"
38025,2026-04-18T19:06:26Z,S1,STATION_HEARTBEAT,"{""dock_occupied"": 1, ""power_connected"": true}"
38026,2026-04-18T19:06:31Z,S1,STATION_HEARTBEAT,"{""dock_occupied"": 1, ""power_connected"": true}"
38027,2026-04-18T19:06:36Z,S1,STATION_HEARTBEAT,"{""dock_occupied"": 1, ""power_connected"": true}"
38029,2026-04-18T19:06:41Z,S1,STATION_HEARTBEAT,"{""dock_occupied"": 1, ""power_connected"": true}"
38028,2026-04-18T19:06:41Z,S1,RENTAL_APPROVED,"{""user_id"": ""U1"", ""bike_id"": ""B1""}"
38030,2026-04-18T19:06:45Z,S1,RENTAL_STARTED,"{""rental_id"": ""93a7301f-0415-417d-9eb7-0437d736fc77"", ""user_id"": ""U1"", ""bike_id"": ""B1"", ""start_station_id"": ""S1"", ""start_time"": ""2026-04-18T19:06:45Z""}"
38031,2026-04-18T19:06:46Z,S1,STATION_HEARTBEAT,"{""dock_occupied"": 1, ""power_connected"": true}"
38032,2026-04-18T19:06:50Z,S1,RENTAL_COMPLETED,"{""rental_id"": ""93a7301f-0415-417d-9eb7-0437d736fc77"", ""bike_id"": ""B1"", ""end_station_id"": ""S1"", ""duration_minutes"": 0.08, ""simulated_cost"": 1.0, ""balance_remaining"": 49.0}"
38033,2026-04-18T19:06:51Z,S1,STATION_HEARTBEAT,"{""dock_occupied"": 1, ""power_connected"": true}"
38034,2026-04-18T19:06:56Z,S1,STATION_HEARTBEAT,"{""dock_occupied"": 1, ""power_connected"": true}"
38035,2026-04-18T19:07:01Z,S1,STATION_HEARTBEAT,"{""dock_occupied"": 1, ""power_connected"": true}"
38036,2026-04-18T19:07:06Z,S1,STATION_HEARTBEAT,"{""dock_occupied"": 1, ""power_connected"": true}"
38037,2026-04-18T19:07:11Z,S1,STATION_HEARTBEAT,"{""dock_occupied"": 1, ""power_connected"": true}"
38038,2026-04-18T19:07:16Z,S1,STATION_HEARTBEAT,"{""dock_occupied"": 1, ""power_connected"": true}"
38039,2026-04-18T19:07:21Z,S1,STATION_HEARTBEAT,"{""dock_occupied"": 1, ""power_connected"": true}"
38040,2026-04-18T19:07:26Z,S1,STATION_HEARTBEAT,"{""dock_occupied"": 1, ""power_connected"": true}"
38041,2026-04-18T19:07:31Z,S1,STATION_HEARTBEAT,"{""dock_occupied"": 1, ""power_connected"": true}"
38042,2026-04-18T19:07:36Z,S1,STATION_HEARTBEAT,"{""dock_occupied"": 1, ""power_connected"": true}"
38043,2026-04-18T19:07:41Z,S1,STATION_HEARTBEAT,"{""dock_occupied"": 1, ""power_connected"": true}"
38044,2026-04-18T19:07:46Z,S1,STATION_HEARTBEAT,"{""dock_occupied"": 1, ""power_connected"": true}"
38045,2026-04-18T19:07:51Z,S1,STATION_HEARTBEAT,"{""dock_occupied"": 1, ""power_connected"": true}"
38046,2026-04-18T19:07:56Z,S1,STATION_HEARTBEAT,"{""dock_occupied"": 1, ""power_connected"": true}"
38047,2026-04-18T19:08:01Z,S1,STATION_HEARTBEAT,"{""dock_occupied"": 1, ""power_connected"": true}"
38048,2026-04-18T19:08:06Z,S1,STATION_HEARTBEAT,"{""dock_occupied"": 1, ""power_connected"": true}"
38049,2026-04-18T19:08:11Z,S1,STATION_HEARTBEAT,"{""dock_occupied"": 1, ""power_connected"": true}"
38050,2026-04-18T19:08:16Z,S1,STATION_HEARTBEAT,"{""dock_occupied"": 1, ""power_connected"": true}"
38051,2026-04-18T19:08:21Z,S1,STATION_HEARTBEAT,"{""dock_occupied"": 1, ""power_connected"": true}"
38052,2026-04-18T19:08:26Z,S1,STATION_HEARTBEAT,"{""dock_occupied"": 1, ""power_connected"": true}"
38053,2026-04-18T19:08:31Z,S1,STATION_HEARTBEAT,"{""dock_occupied"": 1, ""power_connected"": true}"
38054,2026-04-18T19:08:36Z,S1,STATION_HEARTBEAT,"{""dock_occupied"": 1, ""power_connected"": true}"
38055,2026-04-18T19:08:41Z,S1,STATION_HEARTBEAT,"{""dock_occupied"": 1, ""power_connected"": true}"
38056,2026-04-18T19:08:46Z,S1,STATION_HEARTBEAT,"{""dock_occupied"": 1, ""power_connected"": true}"
38057,2026-04-18T19:08:51Z,S1,STATION_HEARTBEAT,"{""dock_occupied"": 1, ""power_connected"": true}"
38058,2026-04-18T19:08:56Z,S1,STATION_HEARTBEAT,"{""dock_occupied"": 1, ""power_connected"": true}"
38059,2026-04-18T19:09:01Z,S1,STATION_HEARTBEAT,"{""dock_occupied"": 1, ""power_connected"": true}"
38060,2026-04-18T19:09:06Z,S1,STATION_HEARTBEAT,"{""dock_occupied"": 1, ""power_connected"": true}"
38061,2026-04-18T19:09:11Z,S1,STATION_HEARTBEAT,"{""dock_occupied"": 1, ""power_connected"": true}"
38062,2026-04-18T19:09:16Z,S1,STATION_HEARTBEAT,"{""dock_occupied"": 1, ""power_connected"": true}"
38063,2026-04-18T19:09:21Z,S1,STATION_HEARTBEAT,"{""dock_occupied"": 1, ""power_connected"": true}"
38064,2026-04-18T19:09:26Z,S1,STATION_HEARTBEAT,"{""dock_occupied"": 1, ""power_connected"": true}"
38065,2026-04-18T19:09:31Z,S1,STATION_HEARTBEAT,"{""dock_occupied"": 1, ""power_connected"": true}"
38066,2026-04-18T19:09:36Z,S1,STATION_HEARTBEAT,"{""dock_occupied"": 1, ""power_connected"": true}"
38067,2026-04-18T19:09:41Z,S1,STATION_HEARTBEAT,"{""dock_occupied"": 1, ""power_connected"": true}"
38068,2026-04-18T19:09:46Z,S1,STATION_HEARTBEAT,"{""dock_occupied"": 1, ""power_connected"": true}"
38069,2026-04-18T19:09:51Z,S1,STATION_HEARTBEAT,"{""dock_occupied"": 1, ""power_connected"": true}"
38070,2026-04-18T19:09:56Z,S1,STATION_HEARTBEAT,"{""dock_occupied"": 1, ""power_connected"": true}"
38071,2026-04-18T19:10:01Z,S1,STATION_HEARTBEAT,"{""dock_occupied"": 1, ""power_connected"": true}"
38072,2026-04-18T19:10:06Z,S1,STATION_HEARTBEAT,"{""dock_occupied"": 1, ""power_connected"": true}"
38073,2026-04-18T19:10:11Z,S1,STATION_HEARTBEAT,"{""dock_occupied"": 1, ""power_connected"": true}"
38074,2026-04-18T19:10:16Z,S1,STATION_HEARTBEAT,"{""dock_occupied"": 1, ""power_connected"": true}"
38075,2026-04-18T19:10:21Z,S1,STATION_HEARTBEAT,"{""dock_occupied"": 1, ""power_connected"": true}"
38076,2026-04-18T19:10:26Z,S1,STATION_HEARTBEAT,"{""dock_occupied"": 1, ""power_connected"": true}"
38077,2026-04-18T19:10:31Z,S1,STATION_HEARTBEAT,"{""dock_occupied"": 1, ""power_connected"": true}"
38078,2026-04-18T19:10:36Z,S1,STATION_HEARTBEAT,"{""dock_occupied"": 1, ""power_connected"": true}"
38079,2026-04-18T19:10:41Z,S1,STATION_HEARTBEAT,"{""dock_occupied"": 1, ""power_connected"": true}"
38080,2026-04-18T19:10:46Z,S1,STATION_HEARTBEAT,"{""dock_occupied"": 1, ""power_connected"": true}"
38081,2026-04-18T19:10:51Z,S1,STATION_HEARTBEAT,"{""dock_occupied"": 1, ""power_connected"": true}"
38082,2026-04-18T19:10:56Z,S1,STATION_HEARTBEAT,"{""dock_occupied"": 1, ""power_connected"": true}"
38083,2026-04-18T19:11:01Z,S1,STATION_HEARTBEAT,"{""dock_occupied"": 1, ""power_connected"": true}"
38084,2026-04-18T19:11:06Z,S1,STATION_HEARTBEAT,"{""dock_occupied"": 1, ""power_connected"": true}"
38085,2026-04-18T19:11:11Z,S1,STATION_HEARTBEAT,"{""dock_occupied"": 1, ""power_connected"": true}"
38086,2026-04-18T19:11:16Z,S1,STATION_HEARTBEAT,"{""dock_occupied"": 1, ""power_connected"": true}"
38087,2026-04-18T19:11:21Z,S1,STATION_HEARTBEAT,"{""dock_occupied"": 1, ""power_connected"": true}"
38088,2026-04-18T19:11:26Z,S1,STATION_HEARTBEAT,"{""dock_occupied"": 1, ""power_connected"": true}"
38089,2026-04-18T19:11:31Z,S1,STATION_HEARTBEAT,"{""dock_occupied"": 1, ""power_connected"": true}"
38090,2026-04-18T19:11:36Z,S1,STATION_HEARTBEAT,"{""dock_occupied"": 1, ""power_connected"": true}"
38091,2026-04-18T19:11:41Z,S1,STATION_HEARTBEAT,"{""dock_occupied"": 1, ""power_connected"": true}"
38092,2026-04-18T19:11:47Z,S1,STATION_HEARTBEAT,"{""dock_occupied"": 1, ""power_connected"": true}"
38093,2026-04-18T19:11:51Z,S1,STATION_HEARTBEAT,"{""dock_occupied"": 1, ""power_connected"": true}"
38094,2026-04-18T19:11:57Z,S1,STATION_HEARTBEAT,"{""dock_occupied"": 1, ""power_connected"": true}"
38095,2026-04-18T19:12:02Z,S1,STATION_HEARTBEAT,"{""dock_occupied"": 1, ""power_connected"": true}"
38096,2026-04-18T19:12:06Z,S1,STATION_HEARTBEAT,"{""dock_occupied"": 1, ""power_connected"": true}"
38097,2026-04-18T19:12:12Z,S1,STATION_HEARTBEAT,"{""dock_occupied"": 1, ""power_connected"": true}"
38098,2026-04-18T19:12:16Z,S1,STATION_HEARTBEAT,"{""dock_occupied"": 1, ""power_connected"": true}"
38099,2026-04-18T19:12:22Z,S1,STATION_HEARTBEAT,"{""dock_occupied"": 1, ""power_connected"": true}"
38100,2026-04-18T19:12:27Z,S1,STATION_HEARTBEAT,"{""dock_occupied"": 1, ""power_connected"": true}"
38101,2026-04-18T19:12:32Z,S1,STATION_HEARTBEAT,"{""dock_occupied"": 1, ""power_connected"": true}"
38102,2026-04-18T19:12:37Z,S1,STATION_HEARTBEAT,"{""dock_occupied"": 1, ""power_connected"": true}"
38103,2026-04-18T19:12:38Z,S1,STATION_HEARTBEAT,"{""dock_occupied"": 1, ""power_connected"": true}"
38104,2026-04-18T19:12:41Z,S1,RENTAL_APPROVED,"{""user_id"": ""U1"", ""bike_id"": ""B1""}"
38105,2026-04-18T19:12:48Z,S1,STATION_HEARTBEAT,"{""dock_occupied"": 1, ""power_connected"": true}"
38106,2026-04-18T19:12:53Z,S1,STATION_HEARTBEAT,"{""dock_occupied"": 1, ""power_connected"": true}"
38107,2026-04-18T19:12:58Z,S1,STATION_HEARTBEAT,"{""dock_occupied"": 1, ""power_connected"": true}"
38108,2026-04-18T19:13:03Z,S1,STATION_HEARTBEAT,"{""dock_occupied"": 1, ""power_connected"": true}"
38109,2026-04-18T19:13:08Z,S1,STATION_HEARTBEAT,"{""dock_occupied"": 1, ""power_connected"": true}"
38110,2026-04-18T19:13:13Z,S1,STATION_HEARTBEAT,"{""dock_occupied"": 1, ""power_connected"": true}"
38111,2026-04-18T19:13:18Z,S1,STATION_HEARTBEAT,"{""dock_occupied"": 1, ""power_connected"": true}"
38112,2026-04-18T19:13:23Z,S1,STATION_HEARTBEAT,"{""dock_occupied"": 1, ""power_connected"": true}"
38113,2026-04-18T19:13:28Z,S1,STATION_HEARTBEAT,"{""dock_occupied"": 1, ""power_connected"": true}"
38114,2026-04-18T19:13:33Z,S1,STATION_HEARTBEAT,"{""dock_occupied"": 1, ""power_connected"": true}"
38115,2026-04-18T19:13:38Z,S1,STATION_HEARTBEAT,"{""dock_occupied"": 1, ""power_connected"": true}"
38116,2026-04-18T19:13:43Z,S1,STATION_HEARTBEAT,"{""dock_occupied"": 1, ""power_connected"": true}"
38117,2026-04-18T19:13:48Z,S1,STATION_HEARTBEAT,"{""dock_occupied"": 1, ""power_connected"": true}"
38118,2026-04-18T19:13:53Z,S1,STATION_HEARTBEAT,"{""dock_occupied"": 1, ""power_connected"": true}"
38119,2026-04-18T19:13:58Z,S1,STATION_HEARTBEAT,"{""dock_occupied"": 1, ""power_connected"": true}"
38120,2026-04-18T19:14:03Z,S1,STATION_HEARTBEAT,"{""dock_occupied"": 1, ""power_connected"": true}"
38121,2026-04-18T19:14:08Z,S1,STATION_HEARTBEAT,"{""dock_occupied"": 1, ""power_connected"": true}"
38122,2026-04-18T19:14:13Z,S1,STATION_HEARTBEAT,"{""dock_occupied"": 1, ""power_connected"": true}"
38123,2026-04-18T19:14:18Z,S1,STATION_HEARTBEAT,"{""dock_occupied"": 1, ""power_connected"": true}"
38124,2026-04-18T19:14:23Z,S1,STATION_HEARTBEAT,"{""dock_occupied"": 1, ""power_connected"": true}"
38125,2026-04-18T19:14:28Z,S1,STATION_HEARTBEAT,"{""dock_occupied"": 1, ""power_connected"": true}"
38126,2026-04-18T19:14:33Z,S1,STATION_HEARTBEAT,"{""dock_occupied"": 1, ""power_connected"": true}"
38127,2026-04-18T19:14:38Z,S1,STATION_HEARTBEAT,"{""dock_occupied"": 1, ""power_connected"": true}"
38128,2026-04-18T19:14:43Z,S1,STATION_HEARTBEAT,"{""dock_occupied"": 1, ""power_connected"": true}"
38129,2026-04-18T19:14:48Z,S1,STATION_HEARTBEAT,"{""dock_occupied"": 1, ""power_connected"": true}"
38130,2026-04-18T19:14:53Z,S1,STATION_HEARTBEAT,"{""dock_occupied"": 1, ""power_connected"": true}"
38131,2026-04-18T19:14:58Z,S1,STATION_HEARTBEAT,"{""dock_occupied"": 1, ""power_connected"": true}"
38132,2026-04-18T19:15:03Z,S1,STATION_HEARTBEAT,"{""dock_occupied"": 1, ""power_connected"": true}"
38133,2026-04-18T19:15:08Z,S1,STATION_HEARTBEAT,"{""dock_occupied"": 1, ""power_connected"": true}"
38134,2026-04-18T19:15:13Z,S1,STATION_HEARTBEAT,"{""dock_occupied"": 1, ""power_connected"": true}"
38135,2026-04-18T19:15:18Z,S1,STATION_HEARTBEAT,"{""dock_occupied"": 1, ""power_connected"": true}"
38136,2026-04-18T19:15:22Z,S1,STATION_HEARTBEAT,"{""dock_occupied"": 1, ""power_connected"": true}"
38137,2026-04-18T19:15:23Z,S1,STATION_HEARTBEAT,"{""dock_occupied"": 1, ""power_connected"": true}"
38138,2026-04-18T19:15:28Z,S1,STATION_HEARTBEAT,"{""dock_occupied"": 1, ""power_connected"": true}"
38139,2026-04-18T19:15:33Z,S1,STATION_HEARTBEAT,"{""dock_occupied"": 1, ""power_connected"": true}"
38140,2026-04-18T19:15:38Z,S1,STATION_HEARTBEAT,"{""dock_occupied"": 1, ""power_connected"": true}"
38141,2026-04-18T19:15:43Z,S1,STATION_HEARTBEAT,"{""dock_occupied"": 1, ""power_connected"": true}"
38142,2026-04-18T19:15:48Z,S1,STATION_HEARTBEAT,"{""dock_occupied"": 1, ""power_connected"": true}"
38143,2026-04-18T19:15:53Z,S1,STATION_HEARTBEAT,"{""dock_occupied"": 1, ""power_connected"": true}"
38144,2026-04-18T19:15:58Z,S1,STATION_HEARTBEAT,"{""dock_occupied"": 1, ""power_connected"": true}"
38145,2026-04-18T19:16:03Z,S1,STATION_HEARTBEAT,"{""dock_occupied"": 1, ""power_connected"": true}"
38146,2026-04-18T19:16:08Z,S1,STATION_HEARTBEAT,"{""dock_occupied"": 1, ""power_connected"": true}"
38147,2026-04-18T19:16:13Z,S1,STATION_HEARTBEAT,"{""dock_occupied"": 1, ""power_connected"": true}"
38148,2026-04-18T19:16:18Z,S1,STATION_HEARTBEAT,"{""dock_occupied"": 1, ""power_connected"": true}"
38149,2026-04-18T19:16:23Z,S1,STATION_HEARTBEAT,"{""dock_occupied"": 1, ""power_connected"": true}"
38150,2026-04-18T19:16:28Z,S1,STATION_HEARTBEAT,"{""dock_occupied"": 1, ""power_connected"": true}"
38151,2026-04-18T19:16:33Z,S1,STATION_HEARTBEAT,"{""dock_occupied"": 1, ""power_connected"": true}"
38152,2026-04-18T19:16:38Z,S1,STATION_HEARTBEAT,"{""dock_occupied"": 1, ""power_connected"": true}"
38153,2026-04-18T19:16:43Z,S1,STATION_HEARTBEAT,"{""dock_occupied"": 1, ""power_connected"": true}"
38154,2026-04-18T19:16:48Z,S1,STATION_HEARTBEAT,"{""dock_occupied"": 1, ""power_connected"": true}"
38155,2026-04-18T19:16:53Z,S1,STATION_HEARTBEAT,"{""dock_occupied"": 1, ""power_connected"": true}"
38156,2026-04-18T19:16:58Z,S1,STATION_HEARTBEAT,"{""dock_occupied"": 1, ""power_connected"": true}"
38157,2026-04-18T19:17:03Z,S1,STATION_HEARTBEAT,"{""dock_occupied"": 1, ""power_connected"": true}"
38158,2026-04-18T19:17:08Z,S1,STATION_HEARTBEAT,"{""dock_occupied"": 1, ""power_connected"": true}"
38159,2026-04-18T19:17:13Z,S1,STATION_HEARTBEAT,"{""dock_occupied"": 1, ""power_connected"": true}"
38160,2026-04-18T19:17:18Z,S1,STATION_HEARTBEAT,"{""dock_occupied"": 1, ""power_connected"": true}"
38161,2026-04-18T19:17:23Z,S1,STATION_HEARTBEAT,"{""dock_occupied"": 1, ""power_connected"": true}"
38162,2026-04-18T19:17:28Z,S1,STATION_HEARTBEAT,"{""dock_occupied"": 1, ""power_connected"": true}"
38163,2026-04-18T19:17:33Z,S1,STATION_HEARTBEAT,"{""dock_occupied"": 1, ""power_connected"": true}"
38164,2026-04-18T19:17:38Z,S1,STATION_HEARTBEAT,"{""dock_occupied"": 1, ""power_connected"": true}"
38165,2026-04-18T19:17:43Z,S1,STATION_HEARTBEAT,"{""dock_occupied"": 1, ""power_connected"": true}"
38166,2026-04-18T19:17:48Z,S1,STATION_HEARTBEAT,"{""dock_occupied"": 1, ""power_connected"": true}"
38167,2026-04-18T19:17:53Z,S1,STATION_HEARTBEAT,"{""dock_occupied"": 1, ""power_connected"": true}"
38168,2026-04-18T19:17:58Z,S1,STATION_HEARTBEAT,"{""dock_occupied"": 1, ""power_connected"": true}"
38169,2026-04-18T19:18:03Z,S1,STATION_HEARTBEAT,"{""dock_occupied"": 1, ""power_connected"": true}"
38170,2026-04-18T19:18:08Z,S1,STATION_HEARTBEAT,"{""dock_occupied"": 1, ""power_connected"": true}"
38171,2026-04-18T19:18:13Z,S1,STATION_HEARTBEAT,"{""dock_occupied"": 1, ""power_connected"": true}"
38172,2026-04-18T19:18:18Z,S1,STATION_HEARTBEAT,"{""dock_occupied"": 1, ""power_connected"": true}"
38173,2026-04-18T19:18:23Z,S1,STATION_HEARTBEAT,"{""dock_occupied"": 1, ""power_connected"": true}"
38174,2026-04-18T19:18:28Z,S1,STATION_HEARTBEAT,"{""dock_occupied"": 1, ""power_connected"": true}"
38175,2026-04-18T19:18:33Z,S1,STATION_HEARTBEAT,"{""dock_occupied"": 1, ""power_connected"": true}"
38176,2026-04-18T19:18:38Z,S1,STATION_HEARTBEAT,"{""dock_occupied"": 1, ""power_connected"": true}"
38177,2026-04-18T19:18:43Z,S1,STATION_HEARTBEAT,"{""dock_occupied"": 1, ""power_connected"": true}"
38178,2026-04-18T19:18:48Z,S1,STATION_HEARTBEAT,"{""dock_occupied"": 1, ""power_connected"": true}"
38179,2026-04-18T19:18:53Z,S1,STATION_HEARTBEAT,"{""dock_occupied"": 1, ""power_connected"": true}"
38180,2026-04-18T19:18:58Z,S1,STATION_HEARTBEAT,"{""dock_occupied"": 1, ""power_connected"": true}"
38181,2026-04-18T19:19:03Z,S1,STATION_HEARTBEAT,"{""dock_occupied"": 1, ""power_connected"": true}"
38182,2026-04-18T19:19:08Z,S1,STATION_HEARTBEAT,"{""dock_occupied"": 1, ""power_connected"": true}"
38183,2026-04-18T19:19:13Z,S1,STATION_HEARTBEAT,"{""dock_occupied"": 1, ""power_connected"": true}"
38184,2026-04-18T19:19:18Z,S1,STATION_HEARTBEAT,"{""dock_occupied"": 1, ""power_connected"": true}"
38185,2026-04-18T19:19:23Z,S1,STATION_HEARTBEAT,"{""dock_occupied"": 1, ""power_connected"": true}"
38186,2026-04-18T19:19:28Z,S1,STATION_HEARTBEAT,"{""dock_occupied"": 1, ""power_connected"": true}"
38187,2026-04-18T19:19:33Z,S1,STATION_HEARTBEAT,"{""dock_occupied"": 1, ""power_connected"": true}"
38188,2026-04-18T19:19:38Z,S1,STATION_HEARTBEAT,"{""dock_occupied"": 1, ""power_connected"": true}"
38189,2026-04-18T19:19:43Z,S1,STATION_HEARTBEAT,"{""dock_occupied"": 1, ""power_connected"": true}"
38190,2026-04-18T19:19:48Z,S1,STATION_HEARTBEAT,"{""dock_occupied"": 1, ""power_connected"": true}"
38191,2026-04-18T19:19:53Z,S1,STATION_HEARTBEAT,"{""dock_occupied"": 1, ""power_connected"": true}"
38192,2026-04-18T19:19:58Z,S1,STATION_HEARTBEAT,"{""dock_occupied"": 1, ""power_connected"": true}"
38193,2026-04-18T19:20:03Z,S1,STATION_HEARTBEAT,"{""dock_occupied"": 1, ""power_connected"": true}"
38194,2026-04-18T19:20:08Z,S1,STATION_HEARTBEAT,"{""dock_occupied"": 1, ""power_connected"": true}"
38195,2026-04-18T19:20:13Z,S1,STATION_HEARTBEAT,"{""dock_occupied"": 1, ""power_connected"": true}"
38196,2026-04-18T19:20:18Z,S1,STATION_HEARTBEAT,"{""dock_occupied"": 1, ""power_connected"": true}"
38197,2026-04-18T19:20:23Z,S1,STATION_HEARTBEAT,"{""dock_occupied"": 1, ""power_connected"": true}"
38198,2026-04-18T19:20:28Z,S1,STATION_HEARTBEAT,"{""dock_occupied"": 1, ""power_connected"": true}"
38199,2026-04-18T19:20:33Z,S1,STATION_HEARTBEAT,"{""dock_occupied"": 1, ""power_connected"": true}"
38200,2026-04-18T19:20:38Z,S1,STATION_HEARTBEAT,"{""dock_occupied"": 1, ""power_connected"": true}"
38201,2026-04-18T19:20:43Z,S1,STATION_HEARTBEAT,"{""dock_occupied"": 1, ""power_connected"": true}"
38202,2026-04-18T19:20:48Z,S1,STATION_HEARTBEAT,"{""dock_occupied"": 1, ""power_connected"": true}"
38203,2026-04-18T19:20:53Z,S1,STATION_HEARTBEAT,"{""dock_occupied"": 1, ""power_connected"": true}"
38204,2026-04-18T19:20:58Z,S1,STATION_HEARTBEAT,"{""dock_occupied"": 1, ""power_connected"": true}"
38205,2026-04-18T19:21:03Z,S1,STATION_HEARTBEAT,"{""dock_occupied"": 1, ""power_connected"": true}"
38206,2026-04-18T19:21:08Z,S1,STATION_HEARTBEAT,"{""dock_occupied"": 1, ""power_connected"": true}"
38207,2026-04-18T19:21:13Z,S1,STATION_HEARTBEAT,"{""dock_occupied"": 1, ""power_connected"": true}"
38208,2026-04-18T19:21:18Z,S1,STATION_HEARTBEAT,"{""dock_occupied"": 1, ""power_connected"": true}"
38209,2026-04-18T19:21:23Z,S1,STATION_HEARTBEAT,"{""dock_occupied"": 1, ""power_connected"": true}"
38210,2026-04-18T19:21:28Z,S1,STATION_HEARTBEAT,"{""dock_occupied"": 1, ""power_connected"": true}"
38211,2026-04-18T19:21:33Z,S1,STATION_HEARTBEAT,"{""dock_occupied"": 1, ""power_connected"": true}"
38212,2026-04-18T19:21:38Z,S1,STATION_HEARTBEAT,"{""dock_occupied"": 1, ""power_connected"": true}"
38213,2026-04-18T19:21:43Z,S1,STATION_HEARTBEAT,"{""dock_occupied"": 1, ""power_connected"": true}"
38214,2026-04-18T19:21:48Z,S1,STATION_HEARTBEAT,"{""dock_occupied"": 1, ""power_connected"": true}"
38215,2026-04-18T19:21:53Z,S1,STATION_HEARTBEAT,"{""dock_occupied"": 1, ""power_connected"": true}"
38216,2026-04-18T19:21:58Z,S1,STATION_HEARTBEAT,"{""dock_occupied"": 1, ""power_connected"": true}"
38217,2026-04-18T19:22:03Z,S1,STATION_HEARTBEAT,"{""dock_occupied"": 1, ""power_connected"": true}"
38218,2026-04-18T19:22:08Z,S1,STATION_HEARTBEAT,"{""dock_occupied"": 1, ""power_connected"": true}"
38219,2026-04-18T19:22:13Z,S1,STATION_HEARTBEAT,"{""dock_occupied"": 1, ""power_connected"": true}"
38220,2026-04-18T19:22:18Z,S1,STATION_HEARTBEAT,"{""dock_occupied"": 1, ""power_connected"": true}"
38221,2026-04-18T19:22:23Z,S1,STATION_HEARTBEAT,"{""dock_occupied"": 1, ""power_connected"": true}"
38222,2026-04-18T19:22:28Z,S1,STATION_HEARTBEAT,"{""dock_occupied"": 1, ""power_connected"": true}"
38223,2026-04-18T19:22:33Z,S1,STATION_HEARTBEAT,"{""dock_occupied"": 1, ""power_connected"": true}"
38224,2026-04-18T19:22:38Z,S1,STATION_HEARTBEAT,"{""dock_occupied"": 1, ""power_connected"": true}"
38225,2026-04-18T19:22:43Z,S1,STATION_HEARTBEAT,"{""dock_occupied"": 1, ""power_connected"": true}"
38226,2026-04-18T19:22:48Z,S1,STATION_HEARTBEAT,"{""dock_occupied"": 1, ""power_connected"": true}"
38227,2026-04-18T19:22:53Z,S1,STATION_HEARTBEAT,"{""dock_occupied"": 1, ""power_connected"": true}"
38228,2026-04-18T19:22:58Z,S1,STATION_HEARTBEAT,"{""dock_occupied"": 1, ""power_connected"": true}"
38229,2026-04-18T19:23:03Z,S1,STATION_HEARTBEAT,"{""dock_occupied"": 1, ""power_connected"": true}"
38230,2026-04-18T19:23:08Z,S1,STATION_HEARTBEAT,"{""dock_occupied"": 1, ""power_connected"": true}"
38231,2026-04-18T19:23:13Z,S1,STATION_HEARTBEAT,"{""dock_occupied"": 1, ""power_connected"": true}"
38232,2026-04-18T19:23:18Z,S1,STATION_HEARTBEAT,"{""dock_occupied"": 1, ""power_connected"": true}"
38233,2026-04-18T19:23:23Z,S1,STATION_HEARTBEAT,"{""dock_occupied"": 1, ""power_connected"": true}"
38234,2026-04-18T19:23:28Z,S1,STATION_HEARTBEAT,"{""dock_occupied"": 1, ""power_connected"": true}"
38235,2026-04-18T19:23:33Z,S1,STATION_HEARTBEAT,"{""dock_occupied"": 1, ""power_connected"": true}"
38236,2026-04-18T19:23:38Z,S1,STATION_HEARTBEAT,"{""dock_occupied"": 1, ""power_connected"": true}"
38237,2026-04-18T19:23:43Z,S1,STATION_HEARTBEAT,"{""dock_occupied"": 1, ""power_connected"": true}"
38238,2026-04-18T19:23:48Z,S1,STATION_HEARTBEAT,"{""dock_occupied"": 1, ""power_connected"": true}"
38239,2026-04-18T19:23:53Z,S1,STATION_HEARTBEAT,"{""dock_occupied"": 1, ""power_connected"": true}"
38240,2026-04-18T19:23:58Z,S1,STATION_HEARTBEAT,"{""dock_occupied"": 1, ""power_connected"": true}"
38241,2026-04-18T19:24:03Z,S1,STATION_HEARTBEAT,"{""dock_occupied"": 1, ""power_connected"": true}"
38242,2026-04-18T19:24:08Z,S1,STATION_HEARTBEAT,"{""dock_occupied"": 1, ""power_connected"": true}"
38243,2026-04-18T19:24:13Z,S1,STATION_HEARTBEAT,"{""dock_occupied"": 1, ""power_connected"": true}"
38244,2026-04-18T19:24:18Z,S1,STATION_HEARTBEAT,"{""dock_occupied"": 1, ""power_connected"": true}"
38245,2026-04-18T19:24:23Z,S1,STATION_HEARTBEAT,"{""dock_occupied"": 1, ""power_connected"": true}"
38246,2026-04-18T19:24:28Z,S1,STATION_HEARTBEAT,"{""dock_occupied"": 1, ""power_connected"": true}"
38247,2026-04-18T19:24:33Z,S1,STATION_HEARTBEAT,"{""dock_occupied"": 1, ""power_connected"": true}"
38248,2026-04-18T19:24:38Z,S1,STATION_HEARTBEAT,"{""dock_occupied"": 1, ""power_connected"": true}"
38249,2026-04-18T19:24:43Z,S1,STATION_HEARTBEAT,"{""dock_occupied"": 1, ""power_connected"": true}"
38250,2026-04-18T19:24:48Z,S1,STATION_HEARTBEAT,"{""dock_occupied"": 1, ""power_connected"": true}"
38251,2026-04-18T19:24:53Z,S1,STATION_HEARTBEAT,"{""dock_occupied"": 1, ""power_connected"": true}"
38252,2026-04-18T19:24:58Z,S1,STATION_HEARTBEAT,"{""dock_occupied"": 1, ""power_connected"": true}"
38253,2026-04-18T19:25:03Z,S1,STATION_HEARTBEAT,"{""dock_occupied"": 1, ""power_connected"": true}"
38254,2026-04-18T19:25:08Z,S1,STATION_HEARTBEAT,"{""dock_occupied"": 1, ""power_connected"": true}"
38255,2026-04-18T19:25:13Z,S1,STATION_HEARTBEAT,"{""dock_occupied"": 1, ""power_connected"": true}"
38256,2026-04-18T19:25:18Z,S1,STATION_HEARTBEAT,"{""dock_occupied"": 1, ""power_connected"": true}"
38257,2026-04-18T19:25:24Z,S1,STATION_HEARTBEAT,"{""dock_occupied"": 1, ""power_connected"": true}"
38258,2026-04-18T19:25:29Z,S1,STATION_HEARTBEAT,"{""dock_occupied"": 1, ""power_connected"": true}"
38259,2026-04-18T19:25:34Z,S1,STATION_HEARTBEAT,"{""dock_occupied"": 1, ""power_connected"": true}"
38260,2026-04-18T19:25:39Z,S1,STATION_HEARTBEAT,"{""dock_occupied"": 1, ""power_connected"": true}"
38261,2026-04-18T19:25:44Z,S1,STATION_HEARTBEAT,"{""dock_occupied"": 1, ""power_connected"": true}"
38262,2026-04-18T19:25:49Z,S1,STATION_HEARTBEAT,"{""dock_occupied"": 1, ""power_connected"": true}"
38263,2026-04-18T19:25:54Z,S1,STATION_HEARTBEAT,"{""dock_occupied"": 1, ""power_connected"": true}"
38264,2026-04-18T19:25:59Z,S1,STATION_HEARTBEAT,"{""dock_occupied"": 1, ""power_connected"": true}"
38265,2026-04-18T19:26:04Z,S1,STATION_HEARTBEAT,"{""dock_occupied"": 1, ""power_connected"": true}"
38266,2026-04-18T19:26:09Z,S1,STATION_HEARTBEAT,"{""dock_occupied"": 1, ""power_connected"": true}"
38267,2026-04-18T19:26:14Z,S1,STATION_HEARTBEAT,"{""dock_occupied"": 1, ""power_connected"": true}"
38268,2026-04-18T19:26:19Z,S1,STATION_HEARTBEAT,"{""dock_occupied"": 1, ""power_connected"": true}"
38269,2026-04-18T19:26:24Z,S1,STATION_HEARTBEAT,"{""dock_occupied"": 1, ""power_connected"": true}"
38270,2026-04-18T19:26:29Z,S1,STATION_HEARTBEAT,"{""dock_occupied"": 1, ""power_connected"": true}"
38271,2026-04-18T19:26:34Z,S1,STATION_HEARTBEAT,"{""dock_occupied"": 1, ""power_connected"": true}"
38272,2026-04-18T19:26:39Z,S1,STATION_HEARTBEAT,"{""dock_occupied"": 1, ""power_connected"": true}"
38273,2026-04-18T19:26:44Z,S1,STATION_HEARTBEAT,"{""dock_occupied"": 1, ""power_connected"": true}"
38274,2026-04-18T19:26:49Z,S1,STATION_HEARTBEAT,"{""dock_occupied"": 1, ""power_connected"": true}"
38275,2026-04-18T19:26:50Z,S1,STATION_HEARTBEAT,"{""dock_occupied"": 1, ""power_connected"": true}"
38276,2026-04-18T19:26:54Z,S1,STATION_HEARTBEAT,"{""dock_occupied"": 1, ""power_connected"": true}"
38277,2026-04-18T19:26:59Z,S1,STATION_HEARTBEAT,"{""dock_occupied"": 1, ""power_connected"": true}"
38278,2026-04-18T19:27:04Z,S1,STATION_HEARTBEAT,"{""dock_occupied"": 1, ""power_connected"": true}"
38279,2026-04-18T19:27:09Z,S1,STATION_HEARTBEAT,"{""dock_occupied"": 1, ""power_connected"": true}"
38280,2026-04-18T19:27:14Z,S1,STATION_HEARTBEAT,"{""dock_occupied"": 1, ""power_connected"": true}"
38281,2026-04-18T19:27:19Z,S1,STATION_HEARTBEAT,"{""dock_occupied"": 1, ""power_connected"": true}"
38282,2026-04-18T19:27:24Z,S1,STATION_HEARTBEAT,"{""dock_occupied"": 1, ""power_connected"": true}"
38283,2026-04-18T19:27:29Z,S1,STATION_HEARTBEAT,"{""dock_occupied"": 1, ""power_connected"": true}"
38284,2026-04-18T19:31:47Z,S1,STATION_HEARTBEAT,"{""dock_occupied"": 1, ""power_connected"": true}"
38285,2026-04-18T19:31:52Z,S1,STATION_HEARTBEAT,"{""dock_occupied"": 1, ""power_connected"": true}"
38286,2026-04-18T19:31:57Z,S1,STATION_HEARTBEAT,"{""dock_occupied"": 1, ""power_connected"": true}"
38287,2026-04-18T19:32:02Z,S1,STATION_HEARTBEAT,"{""dock_occupied"": 1, ""power_connected"": true}"
38288,2026-04-18T19:32:07Z,S1,STATION_HEARTBEAT,"{""dock_occupied"": 1, ""power_connected"": true}"
38289,2026-04-18T19:32:12Z,S1,STATION_HEARTBEAT,"{""dock_occupied"": 1, ""power_connected"": true}"
38290,2026-04-18T19:32:17Z,S1,STATION_HEARTBEAT,"{""dock_occupied"": 1, ""power_connected"": true}"
38291,2026-04-18T19:32:22Z,S1,STATION_HEARTBEAT,"{""dock_occupied"": 1, ""power_connected"": true}"
38292,2026-04-18T19:32:27Z,S1,STATION_HEARTBEAT,"{""dock_occupied"": 1, ""power_connected"": true}"
38293,2026-04-18T19:32:32Z,S1,STATION_HEARTBEAT,"{""dock_occupied"": 1, ""power_connected"": true}"
38294,2026-04-18T19:32:37Z,S1,STATION_HEARTBEAT,"{""dock_occupied"": 1, ""power_connected"": true}"
38295,2026-04-18T19:32:42Z,S1,STATION_HEARTBEAT,"{""dock_occupied"": 1, ""power_connected"": true}"
38296,2026-04-18T19:32:47Z,S1,STATION_HEARTBEAT,"{""dock_occupied"": 1, ""power_connected"": true}"
38297,2026-04-18T19:32:52Z,S1,STATION_HEARTBEAT,"{""dock_occupied"": 1, ""power_connected"": true}"
38298,2026-04-18T19:32:58Z,S1,STATION_HEARTBEAT,"{""dock_occupied"": 1, ""power_connected"": true}"
38299,2026-04-18T19:33:03Z,S1,STATION_HEARTBEAT,"{""dock_occupied"": 1, ""power_connected"": true}"
38300,2026-04-18T19:33:08Z,S1,STATION_HEARTBEAT,"{""dock_occupied"": 1, ""power_connected"": true}"
38301,2026-04-18T19:33:13Z,S1,STATION_HEARTBEAT,"{""dock_occupied"": 1, ""power_connected"": true}"
38302,2026-04-18T19:33:18Z,S1,STATION_HEARTBEAT,"{""dock_occupied"": 1, ""power_connected"": true}"
38303,2026-04-18T19:33:23Z,S1,STATION_HEARTBEAT,"{""dock_occupied"": 1, ""power_connected"": true}"
38304,2026-04-18T19:33:28Z,S1,STATION_HEARTBEAT,"{""dock_occupied"": 1, ""power_connected"": true}"
38305,2026-04-18T19:33:33Z,S1,STATION_HEARTBEAT,"{""dock_occupied"": 1, ""power_connected"": true}"
38306,2026-04-18T19:33:38Z,S1,STATION_HEARTBEAT,"{""dock_occupied"": 1, ""power_connected"": true}"
38308,2026-04-18T19:33:43Z,S1,STATION_HEARTBEAT,"{""dock_occupied"": 1, ""power_connected"": true}"
38307,2026-04-18T19:33:43Z,S1,RENTAL_APPROVED,"{""user_id"": ""U1"", ""bike_id"": ""B1""}"
38309,2026-04-18T19:33:48Z,S1,STATION_HEARTBEAT,"{""dock_occupied"": 1, ""power_connected"": true}"
38310,2026-04-18T19:33:49Z,S1,RENTAL_STARTED,"{""rental_id"": ""fde96eaf-3977-4cc8-b69b-5a7d81ec820e"", ""user_id"": ""U1"", ""bike_id"": ""B1"", ""start_station_id"": ""S1"", ""start_time"": ""2026-04-18T19:33:49Z""}"
38312,2026-04-18T19:33:53Z,S1,RENTAL_COMPLETED,"{""rental_id"": ""fde96eaf-3977-4cc8-b69b-5a7d81ec820e"", ""bike_id"": ""B1"", ""end_station_id"": ""S1"", ""duration_minutes"": 0.07, ""simulated_cost"": 1.0, ""balance_remaining"": 48.0}"
38311,2026-04-18T19:33:53Z,S1,STATION_HEARTBEAT,"{""dock_occupied"": 1, ""power_connected"": true}"
38313,2026-04-18T19:33:58Z,S1,STATION_HEARTBEAT,"{""dock_occupied"": 1, ""power_connected"": true}"
38314,2026-04-18T19:34:03Z,S1,STATION_HEARTBEAT,"{""dock_occupied"": 1, ""power_connected"": true}"
38315,2026-04-18T19:34:08Z,S1,STATION_HEARTBEAT,"{""dock_occupied"": 1, ""power_connected"": true}"
38316,2026-04-18T19:39:17Z,S1,STATION_HEARTBEAT,"{""dock_occupied"": 1, ""power_connected"": true}"
38317,2026-04-18T19:39:21Z,S1,STATION_HEARTBEAT,"{""dock_occupied"": 1, ""power_connected"": true}"
38318,2026-04-18T19:39:26Z,S1,STATION_HEARTBEAT,"{""dock_occupied"": 1, ""power_connected"": true}"
38319,2026-04-18T19:39:31Z,S1,STATION_HEARTBEAT,"{""dock_occupied"": 1, ""power_connected"": true}"
38320,2026-04-18T19:39:36Z,S1,STATION_HEARTBEAT,"{""dock_occupied"": 1, ""power_connected"": true}"
38321,2026-04-18T19:39:52Z,S1,STATION_HEARTBEAT,"{""dock_occupied"": 1, ""power_connected"": true}"
38322,2026-04-18T19:39:57Z,S1,STATION_HEARTBEAT,"{""dock_occupied"": 1, ""power_connected"": true}"
38323,2026-04-18T19:40:02Z,S1,STATION_HEARTBEAT,"{""dock_occupied"": 1, ""power_connected"": true}"
38324,2026-04-18T19:40:07Z,S1,STATION_HEARTBEAT,"{""dock_occupied"": 1, ""power_connected"": true}"
38325,2026-04-18T19:40:12Z,S1,STATION_HEARTBEAT,"{""dock_occupied"": 1, ""power_connected"": true}"
38326,2026-04-18T19:40:17Z,S1,STATION_HEARTBEAT,"{""dock_occupied"": 1, ""power_connected"": true}"
38327,2026-04-18T19:40:22Z,S1,STATION_HEARTBEAT,"{""dock_occupied"": 1, ""power_connected"": true}"
38328,2026-04-18T19:40:27Z,S1,STATION_HEARTBEAT,"{""dock_occupied"": 1, ""power_connected"": true}"
38329,2026-04-18T19:40:29Z,S1,RENTAL_APPROVED,"{""user_id"": ""U1"", ""bike_id"": ""B1""}"
38330,2026-04-18T19:40:32Z,S1,STATION_HEARTBEAT,"{""dock_occupied"": 1, ""power_connected"": true}"
38331,2026-04-18T19:40:37Z,S1,STATION_HEARTBEAT,"{""dock_occupied"": 1, ""power_connected"": true}"
38332,2026-04-18T19:40:42Z,S1,STATION_HEARTBEAT,"{""dock_occupied"": 1, ""power_connected"": true}"
38334,2026-04-18T19:40:47Z,S1,RENTAL_STARTED,"{""rental_id"": ""1dea2d99-b3d1-4f8b-bc15-698bedf81326"", ""user_id"": ""U1"", ""bike_id"": ""B1"", ""start_station_id"": ""S1"", ""start_time"": ""2026-04-18T19:40:47Z""}"
38333,2026-04-18T19:40:47Z,S1,STATION_HEARTBEAT,"{""dock_occupied"": 1, ""power_connected"": true}"
38335,2026-04-18T19:40:52Z,S1,STATION_HEARTBEAT,"{""dock_occupied"": 1, ""power_connected"": true}"
38336,2026-04-18T19:40:57Z,S1,STATION_HEARTBEAT,"{""dock_occupied"": 1, ""power_connected"": true}"
38337,2026-04-18T19:41:02Z,S1,STATION_HEARTBEAT,"{""dock_occupied"": 1, ""power_connected"": true}"
38338,2026-04-18T19:41:05Z,S1,RENTAL_COMPLETED,"{""rental_id"": ""1dea2d99-b3d1-4f8b-bc15-698bedf81326"", ""bike_id"": ""B1"", ""end_station_id"": ""S1"", ""duration_minutes"": 0.3, ""simulated_cost"": 1.0, ""balance_remaining"": 47.0}"
38339,2026-04-18T19:41:07Z,S1,STATION_HEARTBEAT,"{""dock_occupied"": 1, ""power_connected"": true}"
38340,2026-04-18T19:41:12Z,S1,STATION_HEARTBEAT,"{""dock_occupied"": 1, ""power_connected"": true}"
38341,2026-04-18T19:41:17Z,S1,STATION_HEARTBEAT,"{""dock_occupied"": 1, ""power_connected"": true}"
38342,2026-04-18T19:48:20Z,S1,STATION_HEARTBEAT,"{""dock_occupied"": 1, ""power_connected"": true}"
38343,2026-04-18T19:48:25Z,S1,STATION_HEARTBEAT,"{""dock_occupied"": 1, ""power_connected"": true}"
38344,2026-04-18T19:48:30Z,S1,STATION_HEARTBEAT,"{""dock_occupied"": 1, ""power_connected"": true}"
38345,2026-04-18T19:48:35Z,S1,STATION_HEARTBEAT,"{""dock_occupied"": 1, ""power_connected"": true}"
38346,2026-04-18T19:48:40Z,S1,STATION_HEARTBEAT,"{""dock_occupied"": 1, ""power_connected"": true}"
38347,2026-04-18T19:48:45Z,S1,STATION_HEARTBEAT,"{""dock_occupied"": 1, ""power_connected"": true}"
38348,2026-04-18T19:48:50Z,S1,STATION_HEARTBEAT,"{""dock_occupied"": 1, ""power_connected"": true}"
38349,2026-04-18T19:48:55Z,S1,STATION_HEARTBEAT,"{""dock_occupied"": 1, ""power_connected"": true}"
38350,2026-04-18T19:49:00Z,S1,STATION_HEARTBEAT,"{""dock_occupied"": 1, ""power_connected"": true}"
38351,2026-04-18T19:49:05Z,S1,STATION_HEARTBEAT,"{""dock_occupied"": 1, ""power_connected"": true}"
38352,2026-04-18T19:49:10Z,S1,STATION_HEARTBEAT,"{""dock_occupied"": 1, ""power_connected"": true}"
38353,2026-04-18T19:49:15Z,S1,STATION_HEARTBEAT,"{""dock_occupied"": 1, ""power_connected"": true}"
38354,2026-04-18T19:49:20Z,S1,STATION_HEARTBEAT,"{""dock_occupied"": 1, ""power_connected"": true}"
38355,2026-04-18T19:49:25Z,S1,STATION_HEARTBEAT,"{""dock_occupied"": 1, ""power_connected"": true}"
38356,2026-04-18T19:49:30Z,S1,STATION_HEARTBEAT,"{""dock_occupied"": 1, ""power_connected"": true}"
38357,2026-04-18T19:50:30Z,S1,STATION_HEARTBEAT,"{""dock_occupied"": 1, ""power_connected"": true}"
38358,2026-04-18T19:50:35Z,S1,STATION_HEARTBEAT,"{""dock_occupied"": 1, ""power_connected"": true}"
38359,2026-04-18T19:50:40Z,S1,STATION_HEARTBEAT,"{""dock_occupied"": 1, ""power_connected"": true}"
38360,2026-04-18T19:50:45Z,S1,STATION_HEARTBEAT,"{""dock_occupied"": 1, ""power_connected"": true}"
38361,2026-04-18T19:50:47Z,S1,RENTAL_APPROVED,"{""user_id"": ""U1"", ""bike_id"": ""B1""}"
38362,2026-04-18T19:50:50Z,S1,STATION_HEARTBEAT,"{""dock_occupied"": 1, ""power_connected"": true}"
38363,2026-04-18T19:50:53Z,S1,RENTAL_STARTED,"{""rental_id"": ""0f352021-ee12-4ce2-8db5-1ec6d7c0609d"", ""user_id"": ""U1"", ""bike_id"": ""B1"", ""start_station_id"": ""S1"", ""start_time"": ""2026-04-18T19:50:53Z""}"
38364,2026-04-18T19:50:55Z,S1,STATION_HEARTBEAT,"{""dock_occupied"": 1, ""power_connected"": true}"
38365,2026-04-18T19:50:57Z,S1,RENTAL_COMPLETED,"{""rental_id"": ""0f352021-ee12-4ce2-8db5-1ec6d7c0609d"", ""bike_id"": ""B1"", ""end_station_id"": ""S1"", ""duration_minutes"": 0.07, ""simulated_cost"": 1.0, ""balance_remaining"": 46.0}"
38366,2026-04-18T19:51:00Z,S1,STATION_HEARTBEAT,"{""dock_occupied"": 1, ""power_connected"": true}"
38367,2026-04-18T19:51:05Z,S1,STATION_HEARTBEAT,"{""dock_occupied"": 1, ""power_connected"": true}"
38368,2026-04-18T19:51:10Z,S1,STATION_HEARTBEAT,"{""dock_occupied"": 1, ""power_connected"": true}"
38369,2026-04-18T19:51:15Z,S1,STATION_HEARTBEAT,"{""dock_occupied"": 1, ""power_connected"": true}"
38370,2026-04-18T19:51:20Z,S1,STATION_HEARTBEAT,"{""dock_occupied"": 1, ""power_connected"": true}"
38371,2026-04-18T20:07:29Z,S1,STATION_HEARTBEAT,"{""dock_occupied"": 1, ""power_connected"": true}"
38372,2026-04-18T20:07:34Z,S1,STATION_HEARTBEAT,"{""dock_occupied"": 1, ""power_connected"": true}"
38373,2026-04-18T20:07:39Z,S1,STATION_HEARTBEAT,"{""dock_occupied"": 1, ""power_connected"": true}"
38374,2026-04-18T20:07:41Z,S1,RENTAL_APPROVED,"{""user_id"": ""U1"", ""bike_id"": ""B1""}"
38375,2026-04-18T20:07:49Z,S1,STATION_HEARTBEAT,"{""dock_occupied"": 1, ""power_connected"": true}"
38376,2026-04-18T20:07:54Z,S1,STATION_HEARTBEAT,"{""dock_occupied"": 1, ""power_connected"": true}"
38377,2026-04-18T20:07:58Z,S1,RENTAL_APPROVED,"{""user_id"": ""U1"", ""bike_id"": ""B1""}"
38378,2026-04-18T20:08:04Z,S1,STATION_HEARTBEAT,"{""dock_occupied"": 1, ""power_connected"": true}"
38379,2026-04-18T20:08:09Z,S1,STATION_HEARTBEAT,"{""dock_occupied"": 1, ""power_connected"": true}"
38380,2026-04-18T20:08:14Z,S1,STATION_HEARTBEAT,"{""dock_occupied"": 1, ""power_connected"": true}"
38381,2026-04-18T20:14:18Z,S1,STATION_HEARTBEAT,"{""dock_occupied"": 1, ""power_connected"": true}"
38382,2026-04-18T20:14:23Z,S1,STATION_HEARTBEAT,"{""dock_occupied"": 1, ""power_connected"": true}"
38383,2026-04-18T20:14:28Z,S1,STATION_HEARTBEAT,"{""dock_occupied"": 1, ""power_connected"": true}"
38384,2026-04-18T20:14:30Z,S1,RENTAL_APPROVED,"{""user_id"": ""U1"", ""bike_id"": ""B1""}"
38385,2026-04-18T20:14:38Z,S1,STATION_HEARTBEAT,"{""dock_occupied"": 1, ""power_connected"": true}"
38386,2026-04-18T20:14:43Z,S1,STATION_HEARTBEAT,"{""dock_occupied"": 1, ""power_connected"": true}"
38387,2026-04-18T20:33:12Z,S1,STATION_HEARTBEAT,"{""dock_occupied"": 1, ""power_connected"": true}"
38388,2026-04-18T20:33:17Z,S1,STATION_HEARTBEAT,"{""dock_occupied"": 1, ""power_connected"": true}"
38389,2026-04-18T20:33:22Z,S1,STATION_HEARTBEAT,"{""dock_occupied"": 1, ""power_connected"": true}"
38390,2026-04-18T20:33:27Z,S1,STATION_HEARTBEAT,"{""dock_occupied"": 1, ""power_connected"": true}"
38391,2026-04-18T20:33:31Z,S1,RENTAL_APPROVED,"{""user_id"": ""U1"", ""bike_id"": ""B1""}"
38392,2026-04-18T20:33:37Z,S1,STATION_HEARTBEAT,"{""dock_occupied"": 1, ""power_connected"": true}"
38393,2026-04-18T20:33:42Z,S1,STATION_HEARTBEAT,"{""dock_occupied"": 1, ""power_connected"": true}"
38394,2026-04-18T20:33:47Z,S1,STATION_HEARTBEAT,"{""dock_occupied"": 1, ""power_connected"": true}"
38395,2026-04-18T20:33:50Z,S1,RENTAL_STARTED,"{""rental_id"": ""7da9006e-ca2f-498c-84c4-b589edeac395"", ""user_id"": ""U1"", ""bike_id"": ""B1"", ""start_station_id"": ""S1"", ""start_time"": ""2026-04-18T20:33:50Z""}"
38396,2026-04-18T20:33:52Z,S1,STATION_HEARTBEAT,"{""dock_occupied"": 1, ""power_connected"": true}"
38397,2026-04-18T20:33:54Z,S1,RENTAL_COMPLETED,"{""rental_id"": ""7da9006e-ca2f-498c-84c4-b589edeac395"", ""bike_id"": ""B1"", ""end_station_id"": ""S1"", ""duration_minutes"": 0.07, ""simulated_cost"": 1.0, ""balance_remaining"": 45.0}"
38398,2026-04-18T20:33:57Z,S1,STATION_HEARTBEAT,"{""dock_occupied"": 1, ""power_connected"": true}"
38399,2026-04-18T20:34:02Z,S1,STATION_HEARTBEAT,"{""dock_occupied"": 1, ""power_connected"": true}"
38400,2026-04-20T19:52:09Z,S1,STATION_HEARTBEAT,"{""dock_occupied"": 1, ""power_connected"": true}"
38401,2026-04-20T19:52:14Z,S1,STATION_HEARTBEAT,"{""dock_occupied"": 1, ""power_connected"": true}"
38402,2026-04-20T19:52:19Z,S1,STATION_HEARTBEAT,"{""dock_occupied"": 1, ""power_connected"": true}"
38403,2026-04-20T19:52:24Z,S1,STATION_HEARTBEAT,"{""dock_occupied"": 1, ""power_connected"": true}"
38404,2026-04-20T19:52:29Z,S1,STATION_HEARTBEAT,"{""dock_occupied"": 1, ""power_connected"": true}"
38405,2026-04-20T19:52:34Z,S1,STATION_HEARTBEAT,"{""dock_occupied"": 1, ""power_connected"": true}"
38406,2026-04-20T19:52:39Z,S1,RENTAL_REQUEST_DENIED,"{""username"": ""valeria"", ""bike_id"": ""B1"", ""reason"": ""insufficient_balance""}"
38407,2026-04-20T19:52:44Z,S1,STATION_HEARTBEAT,"{""dock_occupied"": 1, ""power_connected"": true}"
38408,2026-04-20T19:52:49Z,S1,STATION_HEARTBEAT,"{""dock_occupied"": 1, ""power_connected"": true}"
38409,2026-04-20T19:52:54Z,S1,STATION_HEARTBEAT,"{""dock_occupied"": 1, ""power_connected"": true}"
38410,2026-04-20T19:53:00Z,S1,RENTAL_REQUEST_DENIED,"{""username"": ""valeria"", ""bike_id"": ""B1"", ""reason"": ""insufficient_balance""}"
38411,2026-04-20T19:53:04Z,S1,STATION_HEARTBEAT,"{""dock_occupied"": 1, ""power_connected"": true}"
38412,2026-04-20T19:53:09Z,S1,STATION_HEARTBEAT,"{""dock_occupied"": 1, ""power_connected"": true}"
38413,2026-04-20T19:53:14Z,S1,STATION_HEARTBEAT,"{""dock_occupied"": 1, ""power_connected"": true}"
38414,2026-04-20T19:53:19Z,S1,STATION_HEARTBEAT,"{""dock_occupied"": 1, ""power_connected"": true}"
38415,2026-04-20T19:53:24Z,S1,STATION_HEARTBEAT,"{""dock_occupied"": 1, ""power_connected"": true}"
38416,2026-04-20T19:53:29Z,S1,STATION_HEARTBEAT,"{""dock_occupied"": 1, ""power_connected"": true}"
38417,2026-04-20T19:53:34Z,S1,STATION_HEARTBEAT,"{""dock_occupied"": 1, ""power_connected"": true}"
38418,2026-04-20T19:53:39Z,S1,STATION_HEARTBEAT,"{""dock_occupied"": 1, ""power_connected"": true}"
38419,2026-04-20T19:53:44Z,S1,STATION_HEARTBEAT,"{""dock_occupied"": 1, ""power_connected"": true}"
38420,2026-04-20T19:53:49Z,S1,STATION_HEARTBEAT,"{""dock_occupied"": 1, ""power_connected"": true}"
38421,2026-04-20T19:53:54Z,S1,STATION_HEARTBEAT,"{""dock_occupied"": 1, ""power_connected"": true}"
38422,2026-04-20T19:53:59Z,S1,STATION_HEARTBEAT,"{""dock_occupied"": 1, ""power_connected"": true}"
38423,2026-04-20T19:54:04Z,S1,STATION_HEARTBEAT,"{""dock_occupied"": 1, ""power_connected"": true}"
38424,2026-04-20T19:54:09Z,S1,STATION_HEARTBEAT,"{""dock_occupied"": 1, ""power_connected"": true}"
38425,2026-04-20T19:54:14Z,S1,STATION_HEARTBEAT,"{""dock_occupied"": 1, ""power_connected"": true}"
38426,2026-04-20T19:54:19Z,S1,STATION_HEARTBEAT,"{""dock_occupied"": 1, ""power_connected"": true}"
38427,2026-04-20T19:54:24Z,S1,STATION_HEARTBEAT,"{""dock_occupied"": 1, ""power_connected"": true}"
38428,2026-04-20T19:54:29Z,S1,STATION_HEARTBEAT,"{""dock_occupied"": 1, ""power_connected"": true}"
38429,2026-04-20T19:54:34Z,S1,STATION_HEARTBEAT,"{""dock_occupied"": 1, ""power_connected"": true}"
38430,2026-04-20T19:54:39Z,S1,STATION_HEARTBEAT,"{""dock_occupied"": 1, ""power_connected"": true}"
38431,2026-04-20T19:54:44Z,S1,STATION_HEARTBEAT,"{""dock_occupied"": 1, ""power_connected"": true}"
38432,2026-04-20T19:54:49Z,S1,STATION_HEARTBEAT,"{""dock_occupied"": 1, ""power_connected"": true}"
38433,2026-04-20T19:54:54Z,S1,STATION_HEARTBEAT,"{""dock_occupied"": 1, ""power_connected"": true}"
38434,2026-04-20T19:54:59Z,S1,STATION_HEARTBEAT,"{""dock_occupied"": 1, ""power_connected"": true}"
38435,2026-04-20T19:55:04Z,S1,STATION_HEARTBEAT,"{""dock_occupied"": 1, ""power_connected"": true}"
38436,2026-04-20T19:55:09Z,S1,STATION_HEARTBEAT,"{""dock_occupied"": 1, ""power_connected"": true}"
38437,2026-04-20T19:55:14Z,S1,STATION_HEARTBEAT,"{""dock_occupied"": 1, ""power_connected"": true}"
38438,2026-04-20T19:55:19Z,S1,STATION_HEARTBEAT,"{""dock_occupied"": 1, ""power_connected"": true}"
38439,2026-04-20T19:55:24Z,S1,STATION_HEARTBEAT,"{""dock_occupied"": 1, ""power_connected"": true}"
38440,2026-04-20T19:55:29Z,S1,STATION_HEARTBEAT,"{""dock_occupied"": 1, ""power_connected"": true}"
38441,2026-04-20T19:55:34Z,S1,STATION_HEARTBEAT,"{""dock_occupied"": 1, ""power_connected"": true}"
38442,2026-04-20T20:14:04Z,S1,STATION_HEARTBEAT,"{""dock_occupied"": 1, ""power_connected"": true}"
38443,2026-04-20T20:14:09Z,S1,STATION_HEARTBEAT,"{""dock_occupied"": 1, ""power_connected"": true}"
38444,2026-04-20T20:14:14Z,S1,STATION_HEARTBEAT,"{""dock_occupied"": 1, ""power_connected"": true}"
38445,2026-04-20T20:14:21Z,S1,RENTAL_REQUEST_DENIED,"{""user_id"": ""U1"", ""bike_id"": ""B1"", ""reason"": ""insufficient_balance""}"
38446,2026-04-20T20:14:25Z,S1,STATION_HEARTBEAT,"{""dock_occupied"": 1, ""power_connected"": true}"
38447,2026-04-20T20:14:29Z,S1,STATION_HEARTBEAT,"{""dock_occupied"": 1, ""power_connected"": true}"
38448,2026-04-20T20:14:35Z,S1,STATION_HEARTBEAT,"{""dock_occupied"": 1, ""power_connected"": true}"
38449,2026-04-20T20:14:40Z,S1,STATION_HEARTBEAT,"{""dock_occupied"": 1, ""power_connected"": true}"
38450,2026-04-20T20:14:44Z,S1,RENTAL_REQUEST_DENIED,"{""user_id"": ""U1"", ""bike_id"": ""B1"", ""reason"": ""insufficient_balance""}"
38451,2026-04-20T20:14:50Z,S1,STATION_HEARTBEAT,"{""dock_occupied"": 1, ""power_connected"": true}"
38452,2026-04-20T20:14:55Z,S1,STATION_HEARTBEAT,"{""dock_occupied"": 1, ""power_connected"": true}"
38453,2026-04-20T20:15:00Z,S1,STATION_HEARTBEAT,"{""dock_occupied"": 1, ""power_connected"": true}"
38454,2026-04-20T20:15:05Z,S1,STATION_HEARTBEAT,"{""dock_occupied"": 1, ""power_connected"": true}"
38455,2026-04-20T20:15:10Z,S1,STATION_HEARTBEAT,"{""dock_occupied"": 1, ""power_connected"": true}"
38456,2026-04-20T20:15:15Z,S1,STATION_HEARTBEAT,"{""dock_occupied"": 1, ""power_connected"": true}"
38457,2026-04-20T20:15:20Z,S1,STATION_HEARTBEAT,"{""dock_occupied"": 1, ""power_connected"": true}"
38458,2026-04-20T20:15:25Z,S1,STATION_HEARTBEAT,"{""dock_occupied"": 1, ""power_connected"": true}"
38459,2026-04-20T20:15:30Z,S1,STATION_HEARTBEAT,"{""dock_occupied"": 1, ""power_connected"": true}"
38460,2026-04-20T20:15:35Z,S1,STATION_HEARTBEAT,"{""dock_occupied"": 1, ""power_connected"": true}"
38461,2026-04-20T20:15:40Z,S1,STATION_HEARTBEAT,"{""dock_occupied"": 1, ""power_connected"": true}"
38462,2026-04-20T20:15:45Z,S1,STATION_HEARTBEAT,"{""dock_occupied"": 1, ""power_connected"": true}"
38463,2026-04-20T20:15:50Z,S1,STATION_HEARTBEAT,"{""dock_occupied"": 1, ""power_connected"": true}"
38464,2026-04-20T20:15:54Z,S1,RENTAL_REQUEST_DENIED,"{""user_id"": ""U1"", ""bike_id"": ""B1"", ""reason"": ""insufficient_balance""}"
38465,2026-04-20T20:16:00Z,S1,STATION_HEARTBEAT,"{""dock_occupied"": 1, ""power_connected"": true}"
38466,2026-04-20T20:16:05Z,S1,STATION_HEARTBEAT,"{""dock_occupied"": 1, ""power_connected"": true}"
38467,2026-04-20T20:16:10Z,S1,STATION_HEARTBEAT,"{""dock_occupied"": 1, ""power_connected"": true}"
38468,2026-04-20T20:16:15Z,S1,STATION_HEARTBEAT,"{""dock_occupied"": 1, ""power_connected"": true}"
38469,2026-04-20T20:16:20Z,S1,STATION_HEARTBEAT,"{""dock_occupied"": 1, ""power_connected"": true}"
38470,2026-04-20T20:16:25Z,S1,STATION_HEARTBEAT,"{""dock_occupied"": 1, ""power_connected"": true}"
38471,2026-04-20T20:16:30Z,S1,STATION_HEARTBEAT,"{""dock_occupied"": 1, ""power_connected"": true}"
38472,2026-04-20T20:16:35Z,S1,STATION_HEARTBEAT,"{""dock_occupied"": 1, ""power_connected"": true}"
38473,2026-04-20T20:16:40Z,S1,RENTAL_REQUEST_DENIED,"{""user_id"": ""U1"", ""bike_id"": ""B1"", ""reason"": ""insufficient_balance""}"
38474,2026-04-20T20:16:45Z,S1,STATION_HEARTBEAT,"{""dock_occupied"": 1, ""power_connected"": true}"
38475,2026-04-20T20:16:50Z,S1,STATION_HEARTBEAT,"{""dock_occupied"": 1, ""power_connected"": true}"
38476,2026-04-20T20:16:55Z,S1,STATION_HEARTBEAT,"{""dock_occupied"": 1, ""power_connected"": true}"
38477,2026-04-20T20:17:01Z,S1,RENTAL_REQUEST_DENIED,"{""user_id"": ""U1"", ""bike_id"": ""B1"", ""reason"": ""insufficient_balance""}"
38478,2026-04-20T20:17:10Z,S1,STATION_HEARTBEAT,"{""dock_occupied"": 1, ""power_connected"": true}"
38479,2026-04-20T20:17:15Z,S1,STATION_HEARTBEAT,"{""dock_occupied"": 1, ""power_connected"": true}"
38480,2026-04-20T20:17:20Z,S1,STATION_HEARTBEAT,"{""dock_occupied"": 1, ""power_connected"": true}"
38481,2026-04-20T20:17:25Z,S1,STATION_HEARTBEAT,"{""dock_occupied"": 1, ""power_connected"": true}"
38482,2026-04-20T20:17:30Z,S1,STATION_HEARTBEAT,"{""dock_occupied"": 1, ""power_connected"": true}"
38483,2026-04-20T20:17:35Z,S1,STATION_HEARTBEAT,"{""dock_occupied"": 1, ""power_connected"": true}"
38484,2026-04-20T20:17:40Z,S1,STATION_HEARTBEAT,"{""dock_occupied"": 1, ""power_connected"": true}"
38485,2026-04-20T20:17:50Z,S1,STATION_HEARTBEAT,"{""dock_occupied"": 1, ""power_connected"": true}"
38486,2026-04-20T20:17:55Z,S1,STATION_HEARTBEAT,"{""dock_occupied"": 1, ""power_connected"": true}"
38487,2026-04-20T20:18:00Z,S1,STATION_HEARTBEAT,"{""dock_occupied"": 1, ""power_connected"": true}"
38488,2026-04-20T20:18:05Z,S1,STATION_HEARTBEAT,"{""dock_occupied"": 1, ""power_connected"": true}"
38489,2026-04-20T20:18:10Z,S1,STATION_HEARTBEAT,"{""dock_occupied"": 1, ""power_connected"": true}"
38490,2026-04-21T15:53:11Z,S1,STATION_HEARTBEAT,"{""dock_occupied"": 1, ""power_connected"": true}"
38491,2026-04-21T15:53:16Z,S1,STATION_HEARTBEAT,"{""dock_occupied"": 1, ""power_connected"": true}"
38492,2026-04-21T15:53:21Z,S1,STATION_HEARTBEAT,"{""dock_occupied"": 1, ""power_connected"": true}"
38493,2026-04-21T15:53:26Z,S1,STATION_HEARTBEAT,"{""dock_occupied"": 1, ""power_connected"": true}"
38494,2026-04-21T15:53:31Z,S1,RENTAL_REQUEST_DENIED,"{""user_id"": ""U1"", ""bike_id"": ""B1"", ""reason"": ""insufficient_balance""}"
38495,2026-04-21T15:53:36Z,S1,STATION_HEARTBEAT,"{""dock_occupied"": 1, ""power_connected"": true}"
38496,2026-04-21T15:53:41Z,S1,STATION_HEARTBEAT,"{""dock_occupied"": 1, ""power_connected"": true}"
38497,2026-04-21T16:02:36Z,S1,STATION_HEARTBEAT,"{""dock_occupied"": 1, ""power_connected"": true}"
38498,2026-04-21T16:02:41Z,S1,STATION_HEARTBEAT,"{""dock_occupied"": 1, ""power_connected"": true}"
38499,2026-04-21T16:02:46Z,S1,STATION_HEARTBEAT,"{""dock_occupied"": 1, ""power_connected"": true}"
38500,2026-04-21T16:02:51Z,S1,STATION_HEARTBEAT,"{""dock_occupied"": 1, ""power_connected"": true}"
38501,2026-04-21T16:02:56Z,S1,STATION_HEARTBEAT,"{""dock_occupied"": 1, ""power_connected"": true}"
38502,2026-04-21T16:03:01Z,S1,STATION_HEARTBEAT,"{""dock_occupied"": 1, ""power_connected"": true}"
38503,2026-04-21T16:03:06Z,S1,STATION_HEARTBEAT,"{""dock_occupied"": 1, ""power_connected"": true}"
38504,2026-04-21T16:03:11Z,S1,STATION_HEARTBEAT,"{""dock_occupied"": 1, ""power_connected"": true}"
38505,2026-04-21T16:03:16Z,S1,STATION_HEARTBEAT,"{""dock_occupied"": 1, ""power_connected"": true}"
38506,2026-04-21T16:03:21Z,S1,STATION_HEARTBEAT,"{""dock_occupied"": 1, ""power_connected"": true}"
38507,2026-04-21T16:03:26Z,S1,STATION_HEARTBEAT,"{""dock_occupied"": 1, ""power_connected"": true}"
38508,2026-04-21T16:03:31Z,S1,STATION_HEARTBEAT,"{""dock_occupied"": 1, ""power_connected"": true}"
38509,2026-04-21T16:03:36Z,S1,STATION_HEARTBEAT,"{""dock_occupied"": 1, ""power_connected"": true}"
38510,2026-04-21T16:03:41Z,S1,STATION_HEARTBEAT,"{""dock_occupied"": 1, ""power_connected"": true}"
38511,2026-04-21T16:03:46Z,S1,STATION_HEARTBEAT,"{""dock_occupied"": 1, ""power_connected"": true}"
38512,2026-04-21T16:03:51Z,S1,STATION_HEARTBEAT,"{""dock_occupied"": 1, ""power_connected"": true}"
38513,2026-04-21T16:03:56Z,S1,STATION_HEARTBEAT,"{""dock_occupied"": 1, ""power_connected"": true}"
38514,2026-04-21T16:04:01Z,S1,STATION_HEARTBEAT,"{""dock_occupied"": 1, ""power_connected"": true}"
38515,2026-04-21T16:04:06Z,S1,STATION_HEARTBEAT,"{""dock_occupied"": 1, ""power_connected"": true}"
38516,2026-04-21T16:04:11Z,S1,RENTAL_REQUEST_DENIED,"{""user_id"": ""U1"", ""bike_id"": ""B1"", ""reason"": ""insufficient_balance""}"
38517,2026-04-21T16:04:16Z,S1,STATION_HEARTBEAT,"{""dock_occupied"": 1, ""power_connected"": true}"
38518,2026-04-21T16:04:21Z,S1,STATION_HEARTBEAT,"{""dock_occupied"": 1, ""power_connected"": true}"
38519,2026-04-21T16:04:26Z,S1,STATION_HEARTBEAT,"{""dock_occupied"": 1, ""power_connected"": true}"
38520,2026-04-21T16:04:31Z,S1,STATION_HEARTBEAT,"{""dock_occupied"": 1, ""power_connected"": true}"
38521,2026-04-21T16:04:36Z,S1,STATION_HEARTBEAT,"{""dock_occupied"": 1, ""power_connected"": true}"
38522,2026-04-21T16:04:41Z,S1,STATION_HEARTBEAT,"{""dock_occupied"": 1, ""power_connected"": true}"
38523,2026-04-21T16:04:46Z,S1,STATION_HEARTBEAT,"{""dock_occupied"": 1, ""power_connected"": true}"
38524,2026-04-21T16:04:51Z,S1,STATION_HEARTBEAT,"{""dock_occupied"": 1, ""power_connected"": true}"
38525,2026-04-21T16:04:57Z,S1,STATION_HEARTBEAT,"{""dock_occupied"": 1, ""power_connected"": true}"
38526,2026-04-21T16:05:01Z,S1,STATION_HEARTBEAT,"{""dock_occupied"": 1, ""power_connected"": true}"
38527,2026-04-21T16:05:06Z,S1,STATION_HEARTBEAT,"{""dock_occupied"": 1, ""power_connected"": true}"
38528,2026-04-21T16:05:11Z,S1,STATION_HEARTBEAT,"{""dock_occupied"": 1, ""power_connected"": true}"
38529,2026-04-21T16:05:16Z,S1,STATION_HEARTBEAT,"{""dock_occupied"": 1, ""power_connected"": true}"
38530,2026-04-21T16:05:22Z,S1,STATION_HEARTBEAT,"{""dock_occupied"": 1, ""power_connected"": true}"
38531,2026-04-21T16:05:27Z,S1,STATION_HEARTBEAT,"{""dock_occupied"": 1, ""power_connected"": true}"
38532,2026-04-21T16:05:32Z,S1,STATION_HEARTBEAT,"{""dock_occupied"": 1, ""power_connected"": true}"
38533,2026-04-21T16:05:37Z,S1,STATION_HEARTBEAT,"{""dock_occupied"": 1, ""power_connected"": true}"
38534,2026-04-21T16:05:40Z,U1,TOPUP,"{""user_id"": ""U1"", ""code"": ""034H4W0F"", ""amount"": 50.0, ""new_balance"": 95.0}"
38535,2026-04-21T16:05:47Z,S1,STATION_HEARTBEAT,"{""dock_occupied"": 1, ""power_connected"": true}"
38536,2026-04-21T16:05:52Z,S1,STATION_HEARTBEAT,"{""dock_occupied"": 1, ""power_connected"": true}"
38537,2026-04-21T16:05:57Z,S1,STATION_HEARTBEAT,"{""dock_occupied"": 1, ""power_connected"": true}"
38538,2026-04-21T16:06:02Z,S1,STATION_HEARTBEAT,"{""dock_occupied"": 1, ""power_connected"": true}"
38539,2026-04-21T16:06:07Z,S1,STATION_HEARTBEAT,"{""dock_occupied"": 1, ""power_connected"": true}"
38540,2026-04-21T16:06:12Z,S1,STATION_HEARTBEAT,"{""dock_occupied"": 1, ""power_connected"": true}"
38541,2026-04-21T16:06:17Z,S1,STATION_HEARTBEAT,"{""dock_occupied"": 1, ""power_connected"": true}"
38542,2026-04-21T16:06:22Z,S1,STATION_HEARTBEAT,"{""dock_occupied"": 1, ""power_connected"": true}"
38543,2026-04-21T16:06:27Z,S1,STATION_HEARTBEAT,"{""dock_occupied"": 1, ""power_connected"": true}"
38544,2026-04-21T16:06:32Z,S1,STATION_HEARTBEAT,"{""dock_occupied"": 1, ""power_connected"": true}"
38545,2026-04-21T16:06:37Z,S1,STATION_HEARTBEAT,"{""dock_occupied"": 1, ""power_connected"": true}"
38546,2026-04-21T16:06:42Z,S1,STATION_HEARTBEAT,"{""dock_occupied"": 1, ""power_connected"": true}"
38547,2026-04-21T16:06:47Z,S1,STATION_HEARTBEAT,"{""dock_occupied"": 1, ""power_connected"": true}"
38548,2026-04-21T16:06:52Z,S1,STATION_HEARTBEAT,"{""dock_occupied"": 1, ""power_connected"": true}"
38549,2026-04-21T16:06:57Z,S1,STATION_HEARTBEAT,"{""dock_occupied"": 1, ""power_connected"": true}"
38550,2026-04-21T16:07:02Z,S1,STATION_HEARTBEAT,"{""dock_occupied"": 1, ""power_connected"": true}"
38551,2026-04-21T16:07:07Z,S1,STATION_HEARTBEAT,"{""dock_occupied"": 1, ""power_connected"": true}"
38552,2026-04-21T16:07:12Z,S1,STATION_HEARTBEAT,"{""dock_occupied"": 1, ""power_connected"": true}"
38553,2026-04-21T16:07:17Z,S1,STATION_HEARTBEAT,"{""dock_occupied"": 1, ""power_connected"": true}"
38554,2026-04-21T16:07:22Z,S1,STATION_HEARTBEAT,"{""dock_occupied"": 1, ""power_connected"": true}"
38555,2026-04-21T16:07:27Z,S1,STATION_HEARTBEAT,"{""dock_occupied"": 1, ""power_connected"": true}"
38556,2026-04-21T16:07:32Z,S1,STATION_HEARTBEAT,"{""dock_occupied"": 1, ""power_connected"": true}"
38557,2026-04-21T16:07:37Z,S1,STATION_HEARTBEAT,"{""dock_occupied"": 1, ""power_connected"": true}"
38558,2026-04-21T16:07:42Z,S1,STATION_HEARTBEAT,"{""dock_occupied"": 1, ""power_connected"": true}"
38559,2026-04-21T16:07:47Z,S1,STATION_HEARTBEAT,"{""dock_occupied"": 1, ""power_connected"": true}"
38560,2026-04-21T16:07:52Z,S1,STATION_HEARTBEAT,"{""dock_occupied"": 1, ""power_connected"": true}"
38561,2026-04-21T16:07:57Z,S1,STATION_HEARTBEAT,"{""dock_occupied"": 1, ""power_connected"": true}"
38562,2026-04-21T16:08:02Z,S1,STATION_HEARTBEAT,"{""dock_occupied"": 1, ""power_connected"": true}"
38563,2026-04-21T16:08:07Z,S1,STATION_HEARTBEAT,"{""dock_occupied"": 1, ""power_connected"": true}"
38564,2026-04-21T16:08:12Z,S1,STATION_HEARTBEAT,"{""dock_occupied"": 1, ""power_connected"": true}"
38565,2026-04-21T16:08:17Z,S1,STATION_HEARTBEAT,"{""dock_occupied"": 1, ""power_connected"": true}"
38566,2026-04-21T16:08:22Z,S1,STATION_HEARTBEAT,"{""dock_occupied"": 1, ""power_connected"": true}"
38567,2026-04-21T16:08:27Z,S1,STATION_HEARTBEAT,"{""dock_occupied"": 1, ""power_connected"": true}"
38568,2026-04-21T16:08:32Z,S1,STATION_HEARTBEAT,"{""dock_occupied"": 1, ""power_connected"": true}"
38569,2026-04-21T16:08:37Z,S1,STATION_HEARTBEAT,"{""dock_occupied"": 1, ""power_connected"": true}"
38570,2026-04-21T16:08:42Z,S1,STATION_HEARTBEAT,"{""dock_occupied"": 1, ""power_connected"": true}"
38571,2026-04-21T16:08:47Z,S1,STATION_HEARTBEAT,"{""dock_occupied"": 1, ""power_connected"": true}"
38572,2026-04-21T16:08:52Z,S1,STATION_HEARTBEAT,"{""dock_occupied"": 1, ""power_connected"": true}"
38573,2026-04-21T16:08:57Z,S1,STATION_HEARTBEAT,"{""dock_occupied"": 1, ""power_connected"": true}"
38574,2026-04-21T16:09:02Z,S1,STATION_HEARTBEAT,"{""dock_occupied"": 1, ""power_connected"": true}"
38575,2026-04-21T16:09:07Z,S1,STATION_HEARTBEAT,"{""dock_occupied"": 1, ""power_connected"": true}"
38576,2026-04-21T16:09:12Z,S1,STATION_HEARTBEAT,"{""dock_occupied"": 1, ""power_connected"": true}"
38577,2026-04-21T16:09:17Z,S1,STATION_HEARTBEAT,"{""dock_occupied"": 1, ""power_connected"": true}"
38578,2026-04-21T16:09:22Z,S1,STATION_HEARTBEAT,"{""dock_occupied"": 1, ""power_connected"": true}"
38579,2026-04-21T16:09:27Z,S1,STATION_HEARTBEAT,"{""dock_occupied"": 1, ""power_connected"": true}"
38580,2026-04-21T16:09:32Z,S1,STATION_HEARTBEAT,"{""dock_occupied"": 1, ""power_connected"": true}"
38581,2026-04-21T16:09:37Z,S1,STATION_HEARTBEAT,"{""dock_occupied"": 1, ""power_connected"": true}"
38582,2026-04-21T16:09:42Z,S1,STATION_HEARTBEAT,"{""dock_occupied"": 1, ""power_connected"": true}"
38583,2026-04-21T16:09:47Z,S1,STATION_HEARTBEAT,"{""dock_occupied"": 1, ""power_connected"": true}"
38584,2026-04-21T16:09:52Z,S1,STATION_HEARTBEAT,"{""dock_occupied"": 1, ""power_connected"": true}"
38585,2026-04-21T16:09:57Z,S1,STATION_HEARTBEAT,"{""dock_occupied"": 1, ""power_connected"": true}"
38586,2026-04-21T16:10:02Z,S1,STATION_HEARTBEAT,"{""dock_occupied"": 1, ""power_connected"": true}"
38587,2026-04-21T16:10:07Z,S1,STATION_HEARTBEAT,"{""dock_occupied"": 1, ""power_connected"": true}"
38588,2026-04-21T16:10:12Z,S1,STATION_HEARTBEAT,"{""dock_occupied"": 1, ""power_connected"": true}"
38589,2026-04-21T16:10:17Z,S1,STATION_HEARTBEAT,"{""dock_occupied"": 1, ""power_connected"": true}"
38590,2026-04-21T16:10:22Z,S1,STATION_HEARTBEAT,"{""dock_occupied"": 1, ""power_connected"": true}"
38591,2026-04-21T16:10:27Z,S1,STATION_HEARTBEAT,"{""dock_occupied"": 1, ""power_connected"": true}"
38592,2026-04-21T16:10:32Z,S1,STATION_HEARTBEAT,"{""dock_occupied"": 1, ""power_connected"": true}"
38593,2026-04-21T16:10:37Z,S1,STATION_HEARTBEAT,"{""dock_occupied"": 1, ""power_connected"": true}"
38594,2026-04-21T16:10:42Z,S1,STATION_HEARTBEAT,"{""dock_occupied"": 1, ""power_connected"": true}"
38595,2026-04-21T16:10:47Z,S1,STATION_HEARTBEAT,"{""dock_occupied"": 1, ""power_connected"": true}"
38596,2026-04-21T16:10:52Z,S1,STATION_HEARTBEAT,"{""dock_occupied"": 1, ""power_connected"": true}"
38597,2026-04-21T16:10:57Z,S1,STATION_HEARTBEAT,"{""dock_occupied"": 1, ""power_connected"": true}"
38598,2026-04-21T16:11:02Z,S1,STATION_HEARTBEAT,"{""dock_occupied"": 1, ""power_connected"": true}"
38599,2026-04-21T16:11:07Z,S1,STATION_HEARTBEAT,"{""dock_occupied"": 1, ""power_connected"": true}"
38600,2026-04-21T16:11:12Z,S1,STATION_HEARTBEAT,"{""dock_occupied"": 1, ""power_connected"": true}"
38601,2026-04-21T16:11:17Z,S1,STATION_HEARTBEAT,"{""dock_occupied"": 1, ""power_connected"": true}"
38602,2026-04-21T16:11:22Z,S1,STATION_HEARTBEAT,"{""dock_occupied"": 1, ""power_connected"": true}"
38603,2026-04-21T16:11:27Z,S1,STATION_HEARTBEAT,"{""dock_occupied"": 1, ""power_connected"": true}"
38604,2026-04-21T16:11:32Z,S1,STATION_HEARTBEAT,"{""dock_occupied"": 1, ""power_connected"": true}"
38605,2026-04-21T16:11:37Z,S1,STATION_HEARTBEAT,"{""dock_occupied"": 1, ""power_connected"": true}"
38606,2026-04-21T16:11:42Z,S1,STATION_HEARTBEAT,"{""dock_occupied"": 1, ""power_connected"": true}"
38607,2026-04-21T16:11:47Z,S1,STATION_HEARTBEAT,"{""dock_occupied"": 1, ""power_connected"": true}"
38608,2026-04-21T16:11:52Z,S1,STATION_HEARTBEAT,"{""dock_occupied"": 1, ""power_connected"": true}"
38609,2026-04-21T16:11:57Z,S1,STATION_HEARTBEAT,"{""dock_occupied"": 1, ""power_connected"": true}"
38610,2026-04-21T16:12:02Z,S1,STATION_HEARTBEAT,"{""dock_occupied"": 1, ""power_connected"": true}"
38611,2026-04-21T16:12:07Z,S1,STATION_HEARTBEAT,"{""dock_occupied"": 1, ""power_connected"": true}"
38612,2026-04-21T16:12:12Z,S1,STATION_HEARTBEAT,"{""dock_occupied"": 1, ""power_connected"": true}"
38613,2026-04-21T16:12:17Z,S1,STATION_HEARTBEAT,"{""dock_occupied"": 1, ""power_connected"": true}"
38614,2026-04-21T16:12:22Z,S1,STATION_HEARTBEAT,"{""dock_occupied"": 1, ""power_connected"": true}"
38615,2026-04-21T16:12:27Z,S1,STATION_HEARTBEAT,"{""dock_occupied"": 1, ""power_connected"": true}"
38616,2026-04-21T16:12:32Z,S1,STATION_HEARTBEAT,"{""dock_occupied"": 1, ""power_connected"": true}"
38617,2026-04-21T16:12:37Z,S1,STATION_HEARTBEAT,"{""dock_occupied"": 1, ""power_connected"": true}"
38618,2026-04-21T16:12:42Z,S1,STATION_HEARTBEAT,"{""dock_occupied"": 1, ""power_connected"": true}"
38619,2026-04-21T16:12:47Z,S1,STATION_HEARTBEAT,"{""dock_occupied"": 1, ""power_connected"": true}"
38620,2026-04-21T16:12:52Z,S1,STATION_HEARTBEAT,"{""dock_occupied"": 1, ""power_connected"": true}"
38621,2026-04-21T16:12:57Z,S1,STATION_HEARTBEAT,"{""dock_occupied"": 1, ""power_connected"": true}"
38622,2026-04-21T16:13:02Z,S1,STATION_HEARTBEAT,"{""dock_occupied"": 1, ""power_connected"": true}"
38623,2026-04-21T16:13:07Z,S1,STATION_HEARTBEAT,"{""dock_occupied"": 1, ""power_connected"": true}"
38624,2026-04-21T16:13:12Z,S1,STATION_HEARTBEAT,"{""dock_occupied"": 1, ""power_connected"": true}"
38625,2026-04-21T16:13:17Z,S1,STATION_HEARTBEAT,"{""dock_occupied"": 1, ""power_connected"": true}"
38626,2026-04-21T16:13:22Z,S1,STATION_HEARTBEAT,"{""dock_occupied"": 1, ""power_connected"": true}"
38627,2026-04-21T16:13:27Z,S1,STATION_HEARTBEAT,"{""dock_occupied"": 1, ""power_connected"": true}"
38628,2026-04-21T16:13:32Z,S1,STATION_HEARTBEAT,"{""dock_occupied"": 1, ""power_connected"": true}"
38629,2026-04-21T16:13:37Z,S1,STATION_HEARTBEAT,"{""dock_occupied"": 1, ""power_connected"": true}"
38630,2026-04-21T16:13:42Z,S1,STATION_HEARTBEAT,"{""dock_occupied"": 1, ""power_connected"": true}"
38631,2026-04-21T16:13:47Z,S1,STATION_HEARTBEAT,"{""dock_occupied"": 1, ""power_connected"": true}"
38632,2026-04-21T16:13:52Z,S1,STATION_HEARTBEAT,"{""dock_occupied"": 1, ""power_connected"": true}"
38633,2026-04-21T16:13:57Z,S1,STATION_HEARTBEAT,"{""dock_occupied"": 1, ""power_connected"": true}"
38634,2026-04-21T16:14:02Z,S1,STATION_HEARTBEAT,"{""dock_occupied"": 1, ""power_connected"": true}"
38635,2026-04-21T16:14:07Z,S1,STATION_HEARTBEAT,"{""dock_occupied"": 1, ""power_connected"": true}"
38636,2026-04-21T16:14:12Z,S1,STATION_HEARTBEAT,"{""dock_occupied"": 1, ""power_connected"": true}"
38637,2026-04-21T16:14:17Z,S1,STATION_HEARTBEAT,"{""dock_occupied"": 1, ""power_connected"": true}"
38638,2026-04-21T16:14:22Z,S1,STATION_HEARTBEAT,"{""dock_occupied"": 1, ""power_connected"": true}"
38639,2026-04-21T16:14:27Z,S1,STATION_HEARTBEAT,"{""dock_occupied"": 1, ""power_connected"": true}"
38640,2026-04-21T16:14:32Z,S1,STATION_HEARTBEAT,"{""dock_occupied"": 1, ""power_connected"": true}"
38641,2026-04-21T16:14:37Z,S1,STATION_HEARTBEAT,"{""dock_occupied"": 1, ""power_connected"": true}"
38642,2026-04-21T16:14:42Z,S1,STATION_HEARTBEAT,"{""dock_occupied"": 1, ""power_connected"": true}"
38643,2026-04-21T16:14:47Z,S1,STATION_HEARTBEAT,"{""dock_occupied"": 1, ""power_connected"": true}"
38644,2026-04-21T16:14:52Z,S1,STATION_HEARTBEAT,"{""dock_occupied"": 1, ""power_connected"": true}"
38645,2026-04-21T16:14:57Z,S1,STATION_HEARTBEAT,"{""dock_occupied"": 1, ""power_connected"": true}"
38646,2026-04-21T16:15:02Z,S1,STATION_HEARTBEAT,"{""dock_occupied"": 1, ""power_connected"": true}"
38647,2026-04-21T16:15:07Z,S1,STATION_HEARTBEAT,"{""dock_occupied"": 1, ""power_connected"": true}"
38648,2026-04-21T16:15:12Z,S1,STATION_HEARTBEAT,"{""dock_occupied"": 1, ""power_connected"": true}"
38649,2026-04-21T16:15:17Z,S1,STATION_HEARTBEAT,"{""dock_occupied"": 1, ""power_connected"": true}"
38650,2026-04-21T16:15:22Z,S1,STATION_HEARTBEAT,"{""dock_occupied"": 1, ""power_connected"": true}"
38651,2026-04-21T16:15:27Z,S1,STATION_HEARTBEAT,"{""dock_occupied"": 1, ""power_connected"": true}"
38652,2026-04-21T16:15:32Z,S1,STATION_HEARTBEAT,"{""dock_occupied"": 1, ""power_connected"": true}"
38653,2026-04-21T16:15:37Z,S1,STATION_HEARTBEAT,"{""dock_occupied"": 1, ""power_connected"": true}"
38654,2026-04-21T16:15:42Z,S1,STATION_HEARTBEAT,"{""dock_occupied"": 1, ""power_connected"": true}"
38655,2026-04-21T16:15:47Z,S1,STATION_HEARTBEAT,"{""dock_occupied"": 1, ""power_connected"": true}"
38656,2026-04-21T16:15:52Z,S1,STATION_HEARTBEAT,"{""dock_occupied"": 1, ""power_connected"": true}"
38657,2026-04-21T16:15:57Z,S1,STATION_HEARTBEAT,"{""dock_occupied"": 1, ""power_connected"": true}"
38658,2026-04-21T16:16:02Z,S1,STATION_HEARTBEAT,"{""dock_occupied"": 1, ""power_connected"": true}"
38659,2026-04-21T16:16:07Z,S1,STATION_HEARTBEAT,"{""dock_occupied"": 1, ""power_connected"": true}"
38660,2026-04-21T16:16:12Z,S1,STATION_HEARTBEAT,"{""dock_occupied"": 1, ""power_connected"": true}"
38661,2026-04-21T16:16:17Z,S1,STATION_HEARTBEAT,"{""dock_occupied"": 1, ""power_connected"": true}"
38662,2026-04-21T16:16:22Z,S1,STATION_HEARTBEAT,"{""dock_occupied"": 1, ""power_connected"": true}"
38663,2026-04-21T16:16:27Z,S1,STATION_HEARTBEAT,"{""dock_occupied"": 1, ""power_connected"": true}"
38664,2026-04-21T16:16:32Z,S1,STATION_HEARTBEAT,"{""dock_occupied"": 1, ""power_connected"": true}"
38665,2026-04-21T16:16:37Z,S1,STATION_HEARTBEAT,"{""dock_occupied"": 1, ""power_connected"": true}"
38666,2026-04-21T16:16:42Z,S1,STATION_HEARTBEAT,"{""dock_occupied"": 1, ""power_connected"": true}"
38667,2026-04-21T16:16:47Z,S1,STATION_HEARTBEAT,"{""dock_occupied"": 1, ""power_connected"": true}"
38668,2026-04-21T16:16:52Z,S1,STATION_HEARTBEAT,"{""dock_occupied"": 1, ""power_connected"": true}"
38669,2026-04-21T16:16:57Z,S1,STATION_HEARTBEAT,"{""dock_occupied"": 1, ""power_connected"": true}"
38670,2026-04-21T16:17:02Z,S1,STATION_HEARTBEAT,"{""dock_occupied"": 1, ""power_connected"": true}"
38671,2026-04-21T16:17:07Z,S1,STATION_HEARTBEAT,"{""dock_occupied"": 1, ""power_connected"": true}"
38672,2026-04-21T16:17:12Z,S1,STATION_HEARTBEAT,"{""dock_occupied"": 1, ""power_connected"": true}"
38673,2026-04-21T16:17:18Z,S1,RENTAL_APPROVED,"{""user_id"": ""U1"", ""bike_id"": ""B1""}"
38674,2026-04-21T16:17:22Z,S1,STATION_HEARTBEAT,"{""dock_occupied"": 1, ""power_connected"": true}"
38675,2026-04-21T16:17:27Z,S1,STATION_HEARTBEAT,"{""dock_occupied"": 1, ""power_connected"": true}"
38676,2026-04-21T16:17:32Z,S1,STATION_HEARTBEAT,"{""dock_occupied"": 1, ""power_connected"": true}"
38677,2026-04-21T16:17:37Z,S1,STATION_HEARTBEAT,"{""dock_occupied"": 1, ""power_connected"": true}"
38678,2026-04-21T16:17:42Z,S1,STATION_HEARTBEAT,"{""dock_occupied"": 1, ""power_connected"": true}"
38679,2026-04-21T16:17:47Z,S1,STATION_HEARTBEAT,"{""dock_occupied"": 1, ""power_connected"": true}"
38680,2026-04-21T16:17:52Z,S1,STATION_HEARTBEAT,"{""dock_occupied"": 1, ""power_connected"": true}"
38681,2026-04-21T16:17:57Z,S1,STATION_HEARTBEAT,"{""dock_occupied"": 1, ""power_connected"": true}"
38682,2026-04-21T16:18:02Z,S1,STATION_HEARTBEAT,"{""dock_occupied"": 1, ""power_connected"": true}"
38683,2026-04-21T16:18:07Z,S1,STATION_HEARTBEAT,"{""dock_occupied"": 1, ""power_connected"": true}"
38684,2026-04-21T16:18:12Z,S1,RENTAL_APPROVED,"{""user_id"": ""U1"", ""bike_id"": ""B1""}"
38685,2026-04-21T16:18:17Z,S1,STATION_HEARTBEAT,"{""dock_occupied"": 1, ""power_connected"": true}"
38686,2026-04-21T16:18:22Z,S1,STATION_HEARTBEAT,"{""dock_occupied"": 1, ""power_connected"": true}"
38687,2026-04-21T16:18:27Z,S1,STATION_HEARTBEAT,"{""dock_occupied"": 1, ""power_connected"": true}"
38688,2026-04-21T16:18:32Z,S1,STATION_HEARTBEAT,"{""dock_occupied"": 1, ""power_connected"": true}"
38689,2026-04-21T16:18:37Z,S1,STATION_HEARTBEAT,"{""dock_occupied"": 1, ""power_connected"": true}"
38690,2026-04-21T16:18:42Z,S1,STATION_HEARTBEAT,"{""dock_occupied"": 1, ""power_connected"": true}"
38691,2026-04-21T16:18:47Z,S1,STATION_HEARTBEAT,"{""dock_occupied"": 1, ""power_connected"": true}"
38692,2026-04-21T16:18:52Z,S1,STATION_HEARTBEAT,"{""dock_occupied"": 1, ""power_connected"": true}"
38693,2026-04-21T16:18:57Z,S1,STATION_HEARTBEAT,"{""dock_occupied"": 1, ""power_connected"": true}"
38694,2026-04-21T16:19:02Z,S1,STATION_HEARTBEAT,"{""dock_occupied"": 1, ""power_connected"": true}"
38695,2026-04-21T16:19:07Z,S1,STATION_HEARTBEAT,"{""dock_occupied"": 1, ""power_connected"": true}"
38696,2026-04-21T16:19:12Z,S1,STATION_HEARTBEAT,"{""dock_occupied"": 1, ""power_connected"": true}"
38697,2026-04-21T16:19:17Z,S1,STATION_HEARTBEAT,"{""dock_occupied"": 1, ""power_connected"": true}"
38698,2026-04-21T16:19:22Z,S1,STATION_HEARTBEAT,"{""dock_occupied"": 1, ""power_connected"": true}"
38699,2026-04-21T16:19:27Z,S1,STATION_HEARTBEAT,"{""dock_occupied"": 1, ""power_connected"": true}"
38700,2026-04-21T16:19:32Z,S1,STATION_HEARTBEAT,"{""dock_occupied"": 1, ""power_connected"": true}"
38701,2026-04-21T16:19:37Z,S1,STATION_HEARTBEAT,"{""dock_occupied"": 1, ""power_connected"": true}"
38702,2026-04-21T16:19:42Z,S1,STATION_HEARTBEAT,"{""dock_occupied"": 1, ""power_connected"": true}"
38703,2026-04-21T16:19:47Z,S1,STATION_HEARTBEAT,"{""dock_occupied"": 1, ""power_connected"": true}"
38704,2026-04-21T16:19:52Z,S1,STATION_HEARTBEAT,"{""dock_occupied"": 1, ""power_connected"": true}"
38705,2026-04-21T16:19:57Z,S1,STATION_HEARTBEAT,"{""dock_occupied"": 1, ""power_connected"": true}"
38706,2026-04-21T16:20:02Z,S1,STATION_HEARTBEAT,"{""dock_occupied"": 1, ""power_connected"": true}"
38707,2026-04-21T16:20:07Z,S1,STATION_HEARTBEAT,"{""dock_occupied"": 1, ""power_connected"": true}"
38708,2026-04-21T16:20:12Z,S1,STATION_HEARTBEAT,"{""dock_occupied"": 1, ""power_connected"": true}"
38709,2026-04-21T16:20:17Z,S1,STATION_HEARTBEAT,"{""dock_occupied"": 1, ""power_connected"": true}"
38710,2026-04-21T16:20:22Z,S1,STATION_HEARTBEAT,"{""dock_occupied"": 1, ""power_connected"": true}"
38711,2026-04-21T16:20:27Z,S1,STATION_HEARTBEAT,"{""dock_occupied"": 1, ""power_connected"": true}"
38712,2026-04-21T16:20:32Z,S1,STATION_HEARTBEAT,"{""dock_occupied"": 1, ""power_connected"": true}"
38713,2026-04-21T16:20:37Z,S1,STATION_HEARTBEAT,"{""dock_occupied"": 1, ""power_connected"": true}"
38714,2026-04-21T16:20:42Z,S1,STATION_HEARTBEAT,"{""dock_occupied"": 1, ""power_connected"": true}"
38715,2026-04-21T16:20:47Z,S1,STATION_HEARTBEAT,"{""dock_occupied"": 1, ""power_connected"": true}"
38716,2026-04-21T16:20:52Z,S1,STATION_HEARTBEAT,"{""dock_occupied"": 1, ""power_connected"": true}"
38717,2026-04-21T16:20:57Z,S1,STATION_HEARTBEAT,"{""dock_occupied"": 1, ""power_connected"": true}"
38718,2026-04-21T16:21:02Z,S1,STATION_HEARTBEAT,"{""dock_occupied"": 1, ""power_connected"": true}"
38719,2026-04-21T16:21:07Z,S1,STATION_HEARTBEAT,"{""dock_occupied"": 1, ""power_connected"": true}"
38720,2026-04-21T16:21:12Z,S1,STATION_HEARTBEAT,"{""dock_occupied"": 1, ""power_connected"": true}"
38721,2026-04-21T16:21:17Z,S1,STATION_HEARTBEAT,"{""dock_occupied"": 1, ""power_connected"": true}"
38722,2026-04-21T16:21:22Z,S1,STATION_HEARTBEAT,"{""dock_occupied"": 1, ""power_connected"": true}"
38723,2026-04-21T16:21:27Z,S1,STATION_HEARTBEAT,"{""dock_occupied"": 1, ""power_connected"": true}"
38724,2026-04-21T16:21:32Z,S1,STATION_HEARTBEAT,"{""dock_occupied"": 1, ""power_connected"": true}"
38725,2026-04-21T16:21:37Z,S1,STATION_HEARTBEAT,"{""dock_occupied"": 1, ""power_connected"": true}"
38726,2026-04-21T16:21:42Z,S1,STATION_HEARTBEAT,"{""dock_occupied"": 1, ""power_connected"": true}"
38727,2026-04-21T16:21:47Z,S1,STATION_HEARTBEAT,"{""dock_occupied"": 1, ""power_connected"": true}"
38728,2026-04-21T16:21:52Z,S1,STATION_HEARTBEAT,"{""dock_occupied"": 1, ""power_connected"": true}"
38729,2026-04-21T16:21:57Z,S1,STATION_HEARTBEAT,"{""dock_occupied"": 1, ""power_connected"": true}"
38730,2026-04-21T16:22:02Z,S1,STATION_HEARTBEAT,"{""dock_occupied"": 1, ""power_connected"": true}"
38731,2026-04-21T16:22:07Z,S1,STATION_HEARTBEAT,"{""dock_occupied"": 1, ""power_connected"": true}"
38732,2026-04-21T16:22:12Z,S1,STATION_HEARTBEAT,"{""dock_occupied"": 1, ""power_connected"": true}"
38733,2026-04-21T16:22:17Z,S1,STATION_HEARTBEAT,"{""dock_occupied"": 1, ""power_connected"": true}"
38734,2026-04-21T16:22:22Z,S1,STATION_HEARTBEAT,"{""dock_occupied"": 1, ""power_connected"": true}"
38736,2026-04-21T16:22:27Z,S1,STATION_HEARTBEAT,"{""dock_occupied"": 1, ""power_connected"": true}"
38735,2026-04-21T16:22:27Z,U1,TOPUP,"{""user_id"": ""U1"", ""code"": ""39QZ7R0A"", ""amount"": 5.0, ""new_balance"": 100.0}"
38737,2026-04-21T16:22:29Z,U1,TOPUP_FAILED,"{""user_id"": ""U1"", ""code"": ""39QZ7R0A"", ""reason"": ""already_redeemed""}"
38738,2026-04-21T16:22:32Z,S1,STATION_HEARTBEAT,"{""dock_occupied"": 1, ""power_connected"": true}"
38739,2026-04-21T16:22:37Z,S1,STATION_HEARTBEAT,"{""dock_occupied"": 1, ""power_connected"": true}"
38740,2026-04-21T16:22:42Z,S1,STATION_HEARTBEAT,"{""dock_occupied"": 1, ""power_connected"": true}"
38741,2026-04-21T16:22:47Z,S1,STATION_HEARTBEAT,"{""dock_occupied"": 1, ""power_connected"": true}"
38742,2026-04-21T16:22:52Z,S1,STATION_HEARTBEAT,"{""dock_occupied"": 1, ""power_connected"": true}"
38743,2026-04-21T16:22:57Z,S1,STATION_HEARTBEAT,"{""dock_occupied"": 1, ""power_connected"": true}"
38744,2026-04-21T16:23:02Z,S1,STATION_HEARTBEAT,"{""dock_occupied"": 1, ""power_connected"": true}"
38745,2026-04-21T16:23:07Z,S1,STATION_HEARTBEAT,"{""dock_occupied"": 1, ""power_connected"": true}"
38746,2026-04-21T16:23:12Z,S1,STATION_HEARTBEAT,"{""dock_occupied"": 1, ""power_connected"": true}"
38747,2026-04-21T16:23:17Z,S1,STATION_HEARTBEAT,"{""dock_occupied"": 1, ""power_connected"": true}"
38748,2026-04-21T16:23:22Z,S1,STATION_HEARTBEAT,"{""dock_occupied"": 1, ""power_connected"": true}"
38749,2026-04-21T16:23:27Z,S1,STATION_HEARTBEAT,"{""dock_occupied"": 1, ""power_connected"": true}"
38750,2026-04-21T16:23:32Z,S1,STATION_HEARTBEAT,"{""dock_occupied"": 1, ""power_connected"": true}"
38751,2026-04-21T16:23:37Z,S1,STATION_HEARTBEAT,"{""dock_occupied"": 1, ""power_connected"": true}"
38752,2026-04-21T16:23:42Z,S1,STATION_HEARTBEAT,"{""dock_occupied"": 1, ""power_connected"": true}"
38753,2026-04-21T16:23:47Z,S1,STATION_HEARTBEAT,"{""dock_occupied"": 1, ""power_connected"": true}"
38754,2026-04-21T16:23:52Z,S1,STATION_HEARTBEAT,"{""dock_occupied"": 1, ""power_connected"": true}"
38755,2026-04-21T16:23:57Z,S1,STATION_HEARTBEAT,"{""dock_occupied"": 1, ""power_connected"": true}"
38756,2026-04-21T16:24:02Z,S1,STATION_HEARTBEAT,"{""dock_occupied"": 1, ""power_connected"": true}"
38757,2026-04-21T16:24:07Z,S1,STATION_HEARTBEAT,"{""dock_occupied"": 1, ""power_connected"": true}"
38758,2026-04-21T16:24:12Z,S1,STATION_HEARTBEAT,"{""dock_occupied"": 1, ""power_connected"": true}"
38759,2026-04-21T16:24:17Z,S1,STATION_HEARTBEAT,"{""dock_occupied"": 1, ""power_connected"": true}"
38760,2026-04-21T16:24:22Z,S1,STATION_HEARTBEAT,"{""dock_occupied"": 1, ""power_connected"": true}"
38761,2026-04-21T16:24:27Z,S1,STATION_HEARTBEAT,"{""dock_occupied"": 1, ""power_connected"": true}"
38762,2026-04-21T16:24:32Z,S1,STATION_HEARTBEAT,"{""dock_occupied"": 1, ""power_connected"": true}"
38763,2026-04-21T16:24:37Z,S1,STATION_HEARTBEAT,"{""dock_occupied"": 1, ""power_connected"": true}"
38764,2026-04-21T16:24:42Z,S1,STATION_HEARTBEAT,"{""dock_occupied"": 1, ""power_connected"": true}"
38765,2026-04-21T16:24:47Z,S1,STATION_HEARTBEAT,"{""dock_occupied"": 1, ""power_connected"": true}"
38766,2026-04-21T16:24:52Z,S1,STATION_HEARTBEAT,"{""dock_occupied"": 1, ""power_connected"": true}"
38767,2026-04-21T16:24:57Z,S1,STATION_HEARTBEAT,"{""dock_occupied"": 1, ""power_connected"": true}"
38768,2026-04-21T16:25:02Z,S1,STATION_HEARTBEAT,"{""dock_occupied"": 1, ""power_connected"": true}"
38769,2026-04-21T16:25:07Z,S1,STATION_HEARTBEAT,"{""dock_occupied"": 1, ""power_connected"": true}"
38770,2026-04-21T16:25:12Z,S1,STATION_HEARTBEAT,"{""dock_occupied"": 1, ""power_connected"": true}"
38771,2026-04-21T16:25:17Z,S1,STATION_HEARTBEAT,"{""dock_occupied"": 1, ""power_connected"": true}"
38772,2026-04-21T16:25:22Z,S1,STATION_HEARTBEAT,"{""dock_occupied"": 1, ""power_connected"": true}"
38773,2026-04-21T16:25:27Z,S1,STATION_HEARTBEAT,"{""dock_occupied"": 1, ""power_connected"": true}"
38774,2026-04-21T16:25:32Z,S1,STATION_HEARTBEAT,"{""dock_occupied"": 1, ""power_connected"": true}"
38775,2026-04-21T16:25:37Z,S1,STATION_HEARTBEAT,"{""dock_occupied"": 1, ""power_connected"": true}"
38776,2026-04-21T16:25:42Z,S1,STATION_HEARTBEAT,"{""dock_occupied"": 1, ""power_connected"": true}"
38777,2026-04-21T16:25:47Z,S1,STATION_HEARTBEAT,"{""dock_occupied"": 1, ""power_connected"": true}"
38778,2026-04-21T16:25:52Z,S1,STATION_HEARTBEAT,"{""dock_occupied"": 1, ""power_connected"": true}"
38779,2026-04-21T16:25:58Z,S1,STATION_HEARTBEAT,"{""dock_occupied"": 1, ""power_connected"": true}"
38780,2026-04-21T16:26:02Z,S1,STATION_HEARTBEAT,"{""dock_occupied"": 1, ""power_connected"": true}"
38781,2026-04-21T16:26:08Z,S1,STATION_HEARTBEAT,"{""dock_occupied"": 1, ""power_connected"": true}"
38782,2026-04-21T16:26:13Z,S1,STATION_HEARTBEAT,"{""dock_occupied"": 1, ""power_connected"": true}"
38783,2026-04-21T16:26:18Z,S1,STATION_HEARTBEAT,"{""dock_occupied"": 1, ""power_connected"": true}"
38784,2026-04-21T16:26:23Z,S1,STATION_HEARTBEAT,"{""dock_occupied"": 1, ""power_connected"": true}"
38785,2026-04-21T16:26:28Z,S1,STATION_HEARTBEAT,"{""dock_occupied"": 1, ""power_connected"": true}"
38786,2026-04-21T16:26:33Z,S1,STATION_HEARTBEAT,"{""dock_occupied"": 1, ""power_connected"": true}"
38787,2026-04-21T16:26:38Z,S1,STATION_HEARTBEAT,"{""dock_occupied"": 1, ""power_connected"": true}"
38788,2026-04-21T16:26:43Z,S1,STATION_HEARTBEAT,"{""dock_occupied"": 1, ""power_connected"": true}"
38789,2026-04-21T16:26:48Z,S1,STATION_HEARTBEAT,"{""dock_occupied"": 1, ""power_connected"": true}"
38790,2026-04-21T16:26:53Z,S1,STATION_HEARTBEAT,"{""dock_occupied"": 1, ""power_connected"": true}"
38791,2026-04-21T16:26:58Z,S1,STATION_HEARTBEAT,"{""dock_occupied"": 1, ""power_connected"": true}"
38792,2026-04-21T16:27:03Z,S1,STATION_HEARTBEAT,"{""dock_occupied"": 1, ""power_connected"": true}"
38793,2026-04-21T16:27:08Z,S1,STATION_HEARTBEAT,"{""dock_occupied"": 1, ""power_connected"": true}"
38794,2026-04-21T16:27:13Z,S1,STATION_HEARTBEAT,"{""dock_occupied"": 1, ""power_connected"": true}"
38795,2026-04-21T16:27:18Z,S1,STATION_HEARTBEAT,"{""dock_occupied"": 1, ""power_connected"": true}"
38796,2026-04-21T16:27:23Z,S1,STATION_HEARTBEAT,"{""dock_occupied"": 1, ""power_connected"": true}"
38797,2026-04-21T16:27:28Z,S1,STATION_HEARTBEAT,"{""dock_occupied"": 1, ""power_connected"": true}"
38798,2026-04-21T16:27:33Z,S1,STATION_HEARTBEAT,"{""dock_occupied"": 1, ""power_connected"": true}"
38799,2026-04-21T16:27:38Z,S1,STATION_HEARTBEAT,"{""dock_occupied"": 1, ""power_connected"": true}"
38800,2026-04-21T16:27:43Z,S1,STATION_HEARTBEAT,"{""dock_occupied"": 1, ""power_connected"": true}"
38801,2026-04-21T16:27:48Z,S1,STATION_HEARTBEAT,"{""dock_occupied"": 1, ""power_connected"": true}"
38802,2026-04-21T16:27:53Z,S1,STATION_HEARTBEAT,"{""dock_occupied"": 1, ""power_connected"": true}"
38803,2026-04-21T16:27:58Z,S1,STATION_HEARTBEAT,"{""dock_occupied"": 1, ""power_connected"": true}"
38804,2026-04-21T16:28:03Z,S1,STATION_HEARTBEAT,"{""dock_occupied"": 1, ""power_connected"": true}"
38805,2026-04-21T16:28:08Z,S1,STATION_HEARTBEAT,"{""dock_occupied"": 1, ""power_connected"": true}"
38806,2026-04-21T16:28:13Z,S1,STATION_HEARTBEAT,"{""dock_occupied"": 1, ""power_connected"": true}"
38807,2026-04-21T16:28:18Z,S1,STATION_HEARTBEAT,"{""dock_occupied"": 1, ""power_connected"": true}"
38808,2026-04-21T16:28:23Z,S1,STATION_HEARTBEAT,"{""dock_occupied"": 1, ""power_connected"": true}"
38809,2026-04-21T16:28:28Z,S1,STATION_HEARTBEAT,"{""dock_occupied"": 1, ""power_connected"": true}"
38810,2026-04-21T16:28:33Z,S1,STATION_HEARTBEAT,"{""dock_occupied"": 1, ""power_connected"": true}"
38811,2026-04-21T16:28:38Z,S1,STATION_HEARTBEAT,"{""dock_occupied"": 1, ""power_connected"": true}"
38812,2026-04-21T16:28:43Z,S1,STATION_HEARTBEAT,"{""dock_occupied"": 1, ""power_connected"": true}"
38813,2026-04-21T16:28:48Z,S1,STATION_HEARTBEAT,"{""dock_occupied"": 1, ""power_connected"": true}"
38814,2026-04-21T16:28:53Z,S1,STATION_HEARTBEAT,"{""dock_occupied"": 1, ""power_connected"": true}"
38815,2026-04-21T16:28:58Z,S1,STATION_HEARTBEAT,"{""dock_occupied"": 1, ""power_connected"": true}"
38816,2026-04-21T16:29:03Z,S1,STATION_HEARTBEAT,"{""dock_occupied"": 1, ""power_connected"": true}"
38817,2026-04-21T16:29:08Z,S1,STATION_HEARTBEAT,"{""dock_occupied"": 1, ""power_connected"": true}"
38818,2026-04-21T16:29:13Z,S1,STATION_HEARTBEAT,"{""dock_occupied"": 1, ""power_connected"": true}"
38819,2026-04-21T16:29:18Z,S1,STATION_HEARTBEAT,"{""dock_occupied"": 1, ""power_connected"": true}"
38820,2026-04-21T16:29:23Z,S1,STATION_HEARTBEAT,"{""dock_occupied"": 1, ""power_connected"": true}"
38821,2026-04-21T16:29:28Z,S1,STATION_HEARTBEAT,"{""dock_occupied"": 1, ""power_connected"": true}"
38822,2026-04-21T16:29:33Z,S1,STATION_HEARTBEAT,"{""dock_occupied"": 1, ""power_connected"": true}"
38823,2026-04-21T16:29:38Z,S1,STATION_HEARTBEAT,"{""dock_occupied"": 1, ""power_connected"": true}"
38824,2026-04-21T16:29:43Z,S1,STATION_HEARTBEAT,"{""dock_occupied"": 1, ""power_connected"": true}"
38825,2026-04-21T16:29:48Z,S1,STATION_HEARTBEAT,"{""dock_occupied"": 1, ""power_connected"": true}"
38826,2026-04-21T16:29:53Z,S1,STATION_HEARTBEAT,"{""dock_occupied"": 1, ""power_connected"": true}"
38827,2026-04-21T16:29:58Z,S1,STATION_HEARTBEAT,"{""dock_occupied"": 1, ""power_connected"": true}"
38828,2026-04-21T16:30:03Z,S1,STATION_HEARTBEAT,"{""dock_occupied"": 1, ""power_connected"": true}"
38829,2026-04-21T16:30:08Z,S1,STATION_HEARTBEAT,"{""dock_occupied"": 1, ""power_connected"": true}"
38830,2026-04-21T16:30:13Z,S1,STATION_HEARTBEAT,"{""dock_occupied"": 1, ""power_connected"": true}"
38831,2026-04-21T16:30:18Z,S1,STATION_HEARTBEAT,"{""dock_occupied"": 1, ""power_connected"": true}"
38832,2026-04-21T16:30:23Z,S1,STATION_HEARTBEAT,"{""dock_occupied"": 1, ""power_connected"": true}"
38833,2026-04-21T16:30:28Z,S1,STATION_HEARTBEAT,"{""dock_occupied"": 1, ""power_connected"": true}"
38834,2026-04-21T16:30:33Z,S1,STATION_HEARTBEAT,"{""dock_occupied"": 1, ""power_connected"": true}"
38835,2026-04-21T16:30:38Z,S1,STATION_HEARTBEAT,"{""dock_occupied"": 1, ""power_connected"": true}"
38836,2026-04-21T16:30:43Z,S1,STATION_HEARTBEAT,"{""dock_occupied"": 1, ""power_connected"": true}"
38837,2026-04-21T16:30:48Z,S1,STATION_HEARTBEAT,"{""dock_occupied"": 1, ""power_connected"": true}"
38838,2026-04-21T16:30:53Z,S1,STATION_HEARTBEAT,"{""dock_occupied"": 1, ""power_connected"": true}"
38839,2026-04-21T16:30:58Z,S1,STATION_HEARTBEAT,"{""dock_occupied"": 1, ""power_connected"": true}"
38840,2026-04-21T16:31:03Z,S1,STATION_HEARTBEAT,"{""dock_occupied"": 1, ""power_connected"": true}"
38841,2026-04-21T16:31:08Z,S1,STATION_HEARTBEAT,"{""dock_occupied"": 1, ""power_connected"": true}"
38842,2026-04-21T16:31:13Z,S1,STATION_HEARTBEAT,"{""dock_occupied"": 1, ""power_connected"": true}"
38843,2026-04-21T16:31:18Z,S1,STATION_HEARTBEAT,"{""dock_occupied"": 1, ""power_connected"": true}"
38844,2026-04-21T16:31:23Z,S1,STATION_HEARTBEAT,"{""dock_occupied"": 1, ""power_connected"": true}"
38845,2026-04-21T16:31:28Z,S1,STATION_HEARTBEAT,"{""dock_occupied"": 1, ""power_connected"": true}"
38846,2026-04-21T16:31:33Z,S1,STATION_HEARTBEAT,"{""dock_occupied"": 1, ""power_connected"": true}"
38847,2026-04-21T16:31:38Z,S1,STATION_HEARTBEAT,"{""dock_occupied"": 1, ""power_connected"": true}"
38848,2026-04-21T16:31:43Z,S1,STATION_HEARTBEAT,"{""dock_occupied"": 1, ""power_connected"": true}"
38849,2026-04-21T16:31:48Z,S1,STATION_HEARTBEAT,"{""dock_occupied"": 1, ""power_connected"": true}"
38850,2026-04-21T16:31:53Z,S1,STATION_HEARTBEAT,"{""dock_occupied"": 1, ""power_connected"": true}"
38851,2026-04-21T16:31:58Z,S1,STATION_HEARTBEAT,"{""dock_occupied"": 1, ""power_connected"": true}"
38852,2026-04-21T16:32:03Z,S1,STATION_HEARTBEAT,"{""dock_occupied"": 1, ""power_connected"": true}"
38853,2026-04-21T16:32:08Z,S1,STATION_HEARTBEAT,"{""dock_occupied"": 1, ""power_connected"": true}"
38854,2026-04-21T16:32:13Z,S1,STATION_HEARTBEAT,"{""dock_occupied"": 1, ""power_connected"": true}"
38855,2026-04-21T16:32:18Z,S1,STATION_HEARTBEAT,"{""dock_occupied"": 1, ""power_connected"": true}"
38856,2026-04-21T16:32:23Z,S1,STATION_HEARTBEAT,"{""dock_occupied"": 1, ""power_connected"": true}"
38857,2026-04-21T16:32:28Z,S1,STATION_HEARTBEAT,"{""dock_occupied"": 1, ""power_connected"": true}"
38858,2026-04-21T16:32:33Z,S1,STATION_HEARTBEAT,"{""dock_occupied"": 1, ""power_connected"": true}"
38859,2026-04-21T16:32:38Z,S1,STATION_HEARTBEAT,"{""dock_occupied"": 1, ""power_connected"": true}"
38860,2026-04-21T16:32:43Z,S1,STATION_HEARTBEAT,"{""dock_occupied"": 1, ""power_connected"": true}"
38861,2026-04-21T16:32:48Z,S1,STATION_HEARTBEAT,"{""dock_occupied"": 1, ""power_connected"": true}"
38862,2026-04-21T16:32:53Z,S1,STATION_HEARTBEAT,"{""dock_occupied"": 1, ""power_connected"": true}"
38863,2026-04-21T16:32:58Z,S1,STATION_HEARTBEAT,"{""dock_occupied"": 1, ""power_connected"": true}"
38864,2026-04-21T16:33:03Z,S1,STATION_HEARTBEAT,"{""dock_occupied"": 1, ""power_connected"": true}"
38865,2026-04-21T16:33:08Z,S1,STATION_HEARTBEAT,"{""dock_occupied"": 1, ""power_connected"": true}"
38866,2026-04-21T16:33:13Z,S1,STATION_HEARTBEAT,"{""dock_occupied"": 1, ""power_connected"": true}"
38867,2026-04-21T16:33:18Z,S1,STATION_HEARTBEAT,"{""dock_occupied"": 1, ""power_connected"": true}"
38868,2026-04-21T16:33:23Z,S1,STATION_HEARTBEAT,"{""dock_occupied"": 1, ""power_connected"": true}"
38869,2026-04-21T16:33:28Z,S1,STATION_HEARTBEAT,"{""dock_occupied"": 1, ""power_connected"": true}"
38870,2026-04-21T16:33:33Z,S1,STATION_HEARTBEAT,"{""dock_occupied"": 1, ""power_connected"": true}"
38871,2026-04-21T16:33:38Z,S1,STATION_HEARTBEAT,"{""dock_occupied"": 1, ""power_connected"": true}"
38872,2026-04-21T16:33:43Z,S1,STATION_HEARTBEAT,"{""dock_occupied"": 1, ""power_connected"": true}"
38873,2026-04-21T16:33:48Z,S1,STATION_HEARTBEAT,"{""dock_occupied"": 1, ""power_connected"": true}"
38874,2026-04-21T16:33:53Z,S1,STATION_HEARTBEAT,"{""dock_occupied"": 1, ""power_connected"": true}"
38875,2026-04-21T16:33:58Z,S1,STATION_HEARTBEAT,"{""dock_occupied"": 1, ""power_connected"": true}"
38876,2026-04-21T16:34:03Z,S1,STATION_HEARTBEAT,"{""dock_occupied"": 1, ""power_connected"": true}"
38877,2026-04-21T16:34:08Z,S1,STATION_HEARTBEAT,"{""dock_occupied"": 1, ""power_connected"": true}"
38878,2026-04-21T16:34:13Z,S1,STATION_HEARTBEAT,"{""dock_occupied"": 1, ""power_connected"": true}"
38879,2026-04-21T16:34:18Z,S1,STATION_HEARTBEAT,"{""dock_occupied"": 1, ""power_connected"": true}"
38880,2026-04-21T16:34:23Z,S1,STATION_HEARTBEAT,"{""dock_occupied"": 1, ""power_connected"": true}"
38881,2026-04-21T16:34:28Z,S1,STATION_HEARTBEAT,"{""dock_occupied"": 1, ""power_connected"": true}"
38882,2026-04-21T16:34:33Z,S1,STATION_HEARTBEAT,"{""dock_occupied"": 1, ""power_connected"": true}"
38883,2026-04-21T16:34:38Z,S1,STATION_HEARTBEAT,"{""dock_occupied"": 1, ""power_connected"": true}"
38884,2026-04-21T16:34:43Z,S1,STATION_HEARTBEAT,"{""dock_occupied"": 1, ""power_connected"": true}"
38885,2026-04-21T16:34:48Z,S1,STATION_HEARTBEAT,"{""dock_occupied"": 1, ""power_connected"": true}"
38886,2026-04-21T16:34:53Z,S1,STATION_HEARTBEAT,"{""dock_occupied"": 1, ""power_connected"": true}"
38887,2026-04-21T16:34:58Z,S1,STATION_HEARTBEAT,"{""dock_occupied"": 1, ""power_connected"": true}"
38888,2026-04-21T16:35:03Z,S1,STATION_HEARTBEAT,"{""dock_occupied"": 1, ""power_connected"": true}"
38889,2026-04-21T16:35:08Z,S1,STATION_HEARTBEAT,"{""dock_occupied"": 1, ""power_connected"": true}"
38890,2026-04-21T16:35:13Z,S1,STATION_HEARTBEAT,"{""dock_occupied"": 1, ""power_connected"": true}"
38891,2026-04-21T16:35:18Z,S1,STATION_HEARTBEAT,"{""dock_occupied"": 1, ""power_connected"": true}"
38892,2026-04-21T16:35:23Z,S1,STATION_HEARTBEAT,"{""dock_occupied"": 1, ""power_connected"": true}"
38893,2026-04-21T16:35:28Z,S1,STATION_HEARTBEAT,"{""dock_occupied"": 1, ""power_connected"": true}"
38894,2026-04-21T16:35:33Z,S1,STATION_HEARTBEAT,"{""dock_occupied"": 1, ""power_connected"": true}"
38895,2026-04-21T16:35:38Z,S1,STATION_HEARTBEAT,"{""dock_occupied"": 1, ""power_connected"": true}"
38896,2026-04-21T16:35:43Z,S1,STATION_HEARTBEAT,"{""dock_occupied"": 1, ""power_connected"": true}"
38897,2026-04-21T16:35:48Z,S1,STATION_HEARTBEAT,"{""dock_occupied"": 1, ""power_connected"": true}"
38898,2026-04-21T16:35:53Z,S1,STATION_HEARTBEAT,"{""dock_occupied"": 1, ""power_connected"": true}"
38899,2026-04-21T16:35:58Z,S1,STATION_HEARTBEAT,"{""dock_occupied"": 1, ""power_connected"": true}"
38900,2026-04-21T16:36:03Z,S1,STATION_HEARTBEAT,"{""dock_occupied"": 1, ""power_connected"": true}"
38901,2026-04-21T16:36:08Z,S1,STATION_HEARTBEAT,"{""dock_occupied"": 1, ""power_connected"": true}"
38902,2026-04-21T16:36:13Z,S1,STATION_HEARTBEAT,"{""dock_occupied"": 1, ""power_connected"": true}"
38903,2026-04-21T16:36:18Z,S1,STATION_HEARTBEAT,"{""dock_occupied"": 1, ""power_connected"": true}"
38904,2026-04-21T16:36:23Z,S1,STATION_HEARTBEAT,"{""dock_occupied"": 1, ""power_connected"": true}"
38905,2026-04-21T16:36:28Z,S1,STATION_HEARTBEAT,"{""dock_occupied"": 1, ""power_connected"": true}"
38906,2026-04-21T16:36:33Z,S1,STATION_HEARTBEAT,"{""dock_occupied"": 1, ""power_connected"": true}"
38907,2026-04-21T16:36:38Z,S1,STATION_HEARTBEAT,"{""dock_occupied"": 1, ""power_connected"": true}"
38908,2026-04-21T16:36:43Z,S1,STATION_HEARTBEAT,"{""dock_occupied"": 1, ""power_connected"": true}"
38909,2026-04-21T16:36:48Z,S1,STATION_HEARTBEAT,"{""dock_occupied"": 1, ""power_connected"": true}"
38910,2026-04-21T16:36:53Z,S1,STATION_HEARTBEAT,"{""dock_occupied"": 1, ""power_connected"": true}"
38911,2026-04-21T16:36:58Z,S1,STATION_HEARTBEAT,"{""dock_occupied"": 1, ""power_connected"": true}"
38912,2026-04-21T16:37:03Z,S1,STATION_HEARTBEAT,"{""dock_occupied"": 1, ""power_connected"": true}"
38913,2026-04-21T16:37:08Z,S1,STATION_HEARTBEAT,"{""dock_occupied"": 1, ""power_connected"": true}"
38914,2026-04-21T16:37:13Z,S1,STATION_HEARTBEAT,"{""dock_occupied"": 1, ""power_connected"": true}"
38915,2026-04-21T16:37:18Z,S1,STATION_HEARTBEAT,"{""dock_occupied"": 1, ""power_connected"": true}"
38916,2026-04-21T16:37:23Z,S1,STATION_HEARTBEAT,"{""dock_occupied"": 1, ""power_connected"": true}"
38917,2026-04-21T16:37:28Z,S1,STATION_HEARTBEAT,"{""dock_occupied"": 1, ""power_connected"": true}"
38918,2026-04-21T16:37:33Z,S1,STATION_HEARTBEAT,"{""dock_occupied"": 1, ""power_connected"": true}"
38919,2026-04-21T16:37:38Z,S1,STATION_HEARTBEAT,"{""dock_occupied"": 1, ""power_connected"": true}"
38920,2026-04-21T16:37:43Z,S1,STATION_HEARTBEAT,"{""dock_occupied"": 1, ""power_connected"": true}"
38921,2026-04-21T16:37:48Z,S1,STATION_HEARTBEAT,"{""dock_occupied"": 1, ""power_connected"": true}"
38922,2026-04-21T16:37:53Z,S1,STATION_HEARTBEAT,"{""dock_occupied"": 1, ""power_connected"": true}"
38923,2026-04-21T16:37:58Z,S1,STATION_HEARTBEAT,"{""dock_occupied"": 1, ""power_connected"": true}"
38924,2026-04-21T16:38:03Z,S1,STATION_HEARTBEAT,"{""dock_occupied"": 1, ""power_connected"": true}"
38925,2026-04-21T16:38:08Z,S1,STATION_HEARTBEAT,"{""dock_occupied"": 1, ""power_connected"": true}"
38926,2026-04-21T16:38:13Z,S1,STATION_HEARTBEAT,"{""dock_occupied"": 1, ""power_connected"": true}"
38927,2026-04-21T16:38:19Z,S1,STATION_HEARTBEAT,"{""dock_occupied"": 1, ""power_connected"": true}"
38928,2026-04-21T16:38:24Z,S1,STATION_HEARTBEAT,"{""dock_occupied"": 1, ""power_connected"": true}"
38929,2026-04-21T16:38:29Z,S1,STATION_HEARTBEAT,"{""dock_occupied"": 1, ""power_connected"": true}"
38930,2026-04-21T16:38:34Z,S1,STATION_HEARTBEAT,"{""dock_occupied"": 1, ""power_connected"": true}"
38931,2026-04-21T16:38:39Z,S1,STATION_HEARTBEAT,"{""dock_occupied"": 1, ""power_connected"": true}"
38932,2026-04-21T16:38:44Z,S1,STATION_HEARTBEAT,"{""dock_occupied"": 1, ""power_connected"": true}"
38933,2026-04-21T16:38:49Z,S1,STATION_HEARTBEAT,"{""dock_occupied"": 1, ""power_connected"": true}"
38934,2026-04-21T16:38:54Z,S1,STATION_HEARTBEAT,"{""dock_occupied"": 1, ""power_connected"": true}"
38935,2026-04-21T16:38:59Z,S1,STATION_HEARTBEAT,"{""dock_occupied"": 1, ""power_connected"": true}"
38936,2026-04-21T16:39:04Z,S1,STATION_HEARTBEAT,"{""dock_occupied"": 1, ""power_connected"": true}"
38937,2026-04-21T16:39:09Z,S1,STATION_HEARTBEAT,"{""dock_occupied"": 1, ""power_connected"": true}"
38938,2026-04-21T16:39:14Z,S1,STATION_HEARTBEAT,"{""dock_occupied"": 1, ""power_connected"": true}"
38939,2026-04-21T16:39:19Z,S1,STATION_HEARTBEAT,"{""dock_occupied"": 1, ""power_connected"": true}"
38940,2026-04-21T16:39:24Z,S1,STATION_HEARTBEAT,"{""dock_occupied"": 1, ""power_connected"": true}"
38941,2026-04-21T16:39:29Z,S1,STATION_HEARTBEAT,"{""dock_occupied"": 1, ""power_connected"": true}"
38942,2026-04-21T16:39:34Z,S1,STATION_HEARTBEAT,"{""dock_occupied"": 1, ""power_connected"": true}"
38943,2026-04-21T16:39:39Z,S1,STATION_HEARTBEAT,"{""dock_occupied"": 1, ""power_connected"": true}"
38944,2026-04-21T16:39:44Z,S1,STATION_HEARTBEAT,"{""dock_occupied"": 1, ""power_connected"": true}"
38945,2026-04-21T16:39:49Z,S1,STATION_HEARTBEAT,"{""dock_occupied"": 1, ""power_connected"": true}"
38946,2026-04-21T16:39:54Z,S1,STATION_HEARTBEAT,"{""dock_occupied"": 1, ""power_connected"": true}"
38947,2026-04-21T16:39:59Z,S1,STATION_HEARTBEAT,"{""dock_occupied"": 1, ""power_connected"": true}"
38948,2026-04-21T16:40:04Z,S1,STATION_HEARTBEAT,"{""dock_occupied"": 1, ""power_connected"": true}"
38949,2026-04-21T16:40:09Z,S1,STATION_HEARTBEAT,"{""dock_occupied"": 1, ""power_connected"": true}"
38950,2026-04-21T16:40:14Z,S1,STATION_HEARTBEAT,"{""dock_occupied"": 1, ""power_connected"": true}"
38951,2026-04-21T16:40:19Z,S1,STATION_HEARTBEAT,"{""dock_occupied"": 1, ""power_connected"": true}"
38952,2026-04-21T16:40:24Z,S1,STATION_HEARTBEAT,"{""dock_occupied"": 1, ""power_connected"": true}"
38953,2026-04-21T16:40:29Z,S1,STATION_HEARTBEAT,"{""dock_occupied"": 1, ""power_connected"": true}"
38954,2026-04-21T16:40:34Z,S1,STATION_HEARTBEAT,"{""dock_occupied"": 1, ""power_connected"": true}"
38955,2026-04-21T16:40:39Z,S1,STATION_HEARTBEAT,"{""dock_occupied"": 1, ""power_connected"": true}"
38956,2026-04-21T16:40:44Z,S1,STATION_HEARTBEAT,"{""dock_occupied"": 1, ""power_connected"": true}"
38957,2026-04-21T16:40:49Z,S1,STATION_HEARTBEAT,"{""dock_occupied"": 1, ""power_connected"": true}"
38958,2026-04-21T16:40:54Z,S1,STATION_HEARTBEAT,"{""dock_occupied"": 1, ""power_connected"": true}"
38959,2026-04-21T16:40:59Z,S1,STATION_HEARTBEAT,"{""dock_occupied"": 1, ""power_connected"": true}"
38960,2026-04-21T16:41:04Z,S1,STATION_HEARTBEAT,"{""dock_occupied"": 1, ""power_connected"": true}"
38961,2026-04-21T16:41:09Z,S1,STATION_HEARTBEAT,"{""dock_occupied"": 1, ""power_connected"": true}"
38962,2026-04-21T16:41:14Z,S1,STATION_HEARTBEAT,"{""dock_occupied"": 1, ""power_connected"": true}"
38963,2026-04-21T16:41:19Z,S1,STATION_HEARTBEAT,"{""dock_occupied"": 1, ""power_connected"": true}"
38964,2026-04-21T16:41:24Z,S1,STATION_HEARTBEAT,"{""dock_occupied"": 1, ""power_connected"": true}"
38965,2026-04-21T16:41:29Z,S1,STATION_HEARTBEAT,"{""dock_occupied"": 1, ""power_connected"": true}"
38966,2026-04-21T16:41:34Z,S1,STATION_HEARTBEAT,"{""dock_occupied"": 1, ""power_connected"": true}"
38967,2026-04-21T16:41:39Z,S1,STATION_HEARTBEAT,"{""dock_occupied"": 1, ""power_connected"": true}"
38968,2026-04-21T16:41:44Z,S1,STATION_HEARTBEAT,"{""dock_occupied"": 1, ""power_connected"": true}"
38969,2026-04-21T16:41:49Z,S1,STATION_HEARTBEAT,"{""dock_occupied"": 1, ""power_connected"": true}"
38970,2026-04-21T16:41:54Z,S1,STATION_HEARTBEAT,"{""dock_occupied"": 1, ""power_connected"": true}"
38971,2026-04-21T16:41:59Z,S1,STATION_HEARTBEAT,"{""dock_occupied"": 1, ""power_connected"": true}"
38972,2026-04-21T16:47:04Z,S1,STATION_HEARTBEAT,"{""dock_occupied"": 1, ""power_connected"": true}"
38973,2026-04-21T16:47:09Z,S1,STATION_HEARTBEAT,"{""dock_occupied"": 1, ""power_connected"": true}"
38974,2026-04-21T16:47:14Z,S1,STATION_HEARTBEAT,"{""dock_occupied"": 1, ""power_connected"": true}"
38975,2026-04-21T16:47:19Z,S1,STATION_HEARTBEAT,"{""dock_occupied"": 1, ""power_connected"": true}"
38976,2026-04-21T16:47:24Z,S1,STATION_HEARTBEAT,"{""dock_occupied"": 1, ""power_connected"": true}"
38977,2026-04-21T16:47:29Z,S1,STATION_HEARTBEAT,"{""dock_occupied"": 1, ""power_connected"": true}"
38978,2026-04-21T16:47:34Z,S1,STATION_HEARTBEAT,"{""dock_occupied"": 1, ""power_connected"": true}"
38979,2026-04-21T16:47:39Z,S1,STATION_HEARTBEAT,"{""dock_occupied"": 1, ""power_connected"": true}"
38980,2026-04-21T16:47:44Z,S1,STATION_HEARTBEAT,"{""dock_occupied"": 1, ""power_connected"": true}"
38981,2026-04-21T16:47:49Z,S1,RENTAL_APPROVED,"{""user_id"": ""U1"", ""bike_id"": ""B1""}"
38982,2026-04-21T16:47:59Z,S1,STATION_HEARTBEAT,"{""dock_occupied"": 1, ""power_connected"": true}"
38983,2026-04-21T16:48:04Z,S1,STATION_HEARTBEAT,"{""dock_occupied"": 1, ""power_connected"": true}"
38984,2026-04-21T16:48:09Z,S1,STATION_HEARTBEAT,"{""dock_occupied"": 1, ""power_connected"": true}"
38985,2026-04-21T16:48:14Z,S1,STATION_HEARTBEAT,"{""dock_occupied"": 1, ""power_connected"": true}"
38986,2026-04-21T16:48:19Z,S1,RENTAL_APPROVED,"{""user_id"": ""U1"", ""bike_id"": ""B1""}"
38987,2026-04-21T16:48:29Z,S1,STATION_HEARTBEAT,"{""dock_occupied"": 1, ""power_connected"": true}"
38988,2026-04-21T16:48:34Z,S1,STATION_HEARTBEAT,"{""dock_occupied"": 1, ""power_connected"": true}"
38989,2026-04-21T16:48:39Z,S1,STATION_HEARTBEAT,"{""dock_occupied"": 1, ""power_connected"": true}"
38990,2026-04-21T16:48:44Z,S1,STATION_HEARTBEAT,"{""dock_occupied"": 1, ""power_connected"": true}"
38991,2026-04-21T16:48:49Z,S1,STATION_HEARTBEAT,"{""dock_occupied"": 1, ""power_connected"": true}"
38992,2026-04-21T16:48:54Z,S1,STATION_HEARTBEAT,"{""dock_occupied"": 1, ""power_connected"": true}"
38993,2026-04-21T16:48:59Z,S1,STATION_HEARTBEAT,"{""dock_occupied"": 1, ""power_connected"": true}"
38994,2026-04-21T16:49:04Z,S1,STATION_HEARTBEAT,"{""dock_occupied"": 1, ""power_connected"": true}"
38995,2026-04-21T16:49:09Z,S1,STATION_HEARTBEAT,"{""dock_occupied"": 1, ""power_connected"": true}"
38996,2026-04-21T16:49:17Z,S1,RENTAL_APPROVED,"{""user_id"": ""U1"", ""bike_id"": ""B1""}"
38997,2026-04-21T16:49:24Z,S1,STATION_HEARTBEAT,"{""dock_occupied"": 1, ""power_connected"": true}"
38998,2026-04-21T16:49:29Z,S1,STATION_HEARTBEAT,"{""dock_occupied"": 1, ""power_connected"": true}"
38999,2026-04-21T16:49:34Z,S1,STATION_HEARTBEAT,"{""dock_occupied"": 1, ""power_connected"": true}"
39000,2026-04-21T16:49:39Z,S1,STATION_HEARTBEAT,"{""dock_occupied"": 1, ""power_connected"": true}"
39001,2026-04-21T16:49:44Z,S1,STATION_HEARTBEAT,"{""dock_occupied"": 1, ""power_connected"": true}"
39002,2026-04-21T16:49:49Z,S1,STATION_HEARTBEAT,"{""dock_occupied"": 1, ""power_connected"": true}"
39003,2026-04-21T16:49:54Z,S1,STATION_HEARTBEAT,"{""dock_occupied"": 1, ""power_connected"": true}"
39004,2026-04-21T16:49:59Z,S1,STATION_HEARTBEAT,"{""dock_occupied"": 1, ""power_connected"": true}"
39005,2026-04-21T16:50:04Z,S1,STATION_HEARTBEAT,"{""dock_occupied"": 1, ""power_connected"": true}"
39006,2026-04-21T16:50:09Z,S1,STATION_HEARTBEAT,"{""dock_occupied"": 1, ""power_connected"": true}"
39007,2026-04-21T16:50:14Z,S1,STATION_HEARTBEAT,"{""dock_occupied"": 1, ""power_connected"": true}"
39008,2026-04-21T16:50:19Z,S1,STATION_HEARTBEAT,"{""dock_occupied"": 1, ""power_connected"": true}"
39009,2026-04-21T16:50:24Z,S1,STATION_HEARTBEAT,"{""dock_occupied"": 1, ""power_connected"": true}"
39010,2026-04-21T16:50:29Z,S1,STATION_HEARTBEAT,"{""dock_occupied"": 1, ""power_connected"": true}"
39011,2026-04-21T16:50:34Z,S1,STATION_HEARTBEAT,"{""dock_occupied"": 1, ""power_connected"": true}"
39012,2026-04-21T16:50:39Z,S1,STATION_HEARTBEAT,"{""dock_occupied"": 1, ""power_connected"": true}"
39013,2026-04-21T16:50:44Z,S1,STATION_HEARTBEAT,"{""dock_occupied"": 1, ""power_connected"": true}"
39014,2026-04-21T16:50:49Z,S1,STATION_HEARTBEAT,"{""dock_occupied"": 1, ""power_connected"": true}"
39015,2026-04-21T16:50:54Z,S1,STATION_HEARTBEAT,"{""dock_occupied"": 1, ""power_connected"": true}"
39016,2026-04-21T16:50:59Z,S1,STATION_HEARTBEAT,"{""dock_occupied"": 1, ""power_connected"": true}"
39017,2026-04-21T16:51:04Z,S1,STATION_HEARTBEAT,"{""dock_occupied"": 1, ""power_connected"": true}"
39018,2026-04-21T16:51:09Z,S1,STATION_HEARTBEAT,"{""dock_occupied"": 1, ""power_connected"": true}"
39019,2026-04-21T16:51:14Z,S1,STATION_HEARTBEAT,"{""dock_occupied"": 1, ""power_connected"": true}"
39020,2026-04-21T16:51:19Z,S1,STATION_HEARTBEAT,"{""dock_occupied"": 1, ""power_connected"": true}"
39021,2026-04-21T16:51:24Z,S1,STATION_HEARTBEAT,"{""dock_occupied"": 1, ""power_connected"": true}"
39022,2026-04-21T16:51:29Z,S1,STATION_HEARTBEAT,"{""dock_occupied"": 1, ""power_connected"": true}"
39023,2026-04-21T16:51:34Z,S1,STATION_HEARTBEAT,"{""dock_occupied"": 1, ""power_connected"": true}"
39024,2026-04-21T16:51:39Z,S1,STATION_HEARTBEAT,"{""dock_occupied"": 1, ""power_connected"": true}"
39025,2026-04-21T16:51:44Z,S1,STATION_HEARTBEAT,"{""dock_occupied"": 1, ""power_connected"": true}"
39026,2026-04-21T16:51:49Z,S1,STATION_HEARTBEAT,"{""dock_occupied"": 1, ""power_connected"": true}"
39027,2026-04-21T16:51:54Z,S1,STATION_HEARTBEAT,"{""dock_occupied"": 1, ""power_connected"": true}"
39028,2026-04-21T16:51:59Z,S1,STATION_HEARTBEAT,"{""dock_occupied"": 1, ""power_connected"": true}"
39029,2026-04-21T16:52:04Z,S1,STATION_HEARTBEAT,"{""dock_occupied"": 1, ""power_connected"": true}"
39030,2026-04-21T16:52:09Z,S1,STATION_HEARTBEAT,"{""dock_occupied"": 1, ""power_connected"": true}"
39031,2026-04-21T16:52:14Z,S1,STATION_HEARTBEAT,"{""dock_occupied"": 1, ""power_connected"": true}"
39032,2026-04-21T16:52:19Z,S1,STATION_HEARTBEAT,"{""dock_occupied"": 1, ""power_connected"": true}"
39033,2026-04-21T16:52:24Z,S1,STATION_HEARTBEAT,"{""dock_occupied"": 1, ""power_connected"": true}"
39034,2026-04-21T16:52:29Z,S1,STATION_HEARTBEAT,"{""dock_occupied"": 1, ""power_connected"": true}"
39035,2026-04-21T16:52:34Z,S1,STATION_HEARTBEAT,"{""dock_occupied"": 1, ""power_connected"": true}"
39036,2026-04-21T16:52:39Z,S1,STATION_HEARTBEAT,"{""dock_occupied"": 1, ""power_connected"": true}"
39037,2026-04-21T16:52:44Z,S1,STATION_HEARTBEAT,"{""dock_occupied"": 1, ""power_connected"": true}"
39038,2026-04-21T16:52:49Z,S1,STATION_HEARTBEAT,"{""dock_occupied"": 1, ""power_connected"": true}"
39039,2026-04-21T16:52:54Z,S1,STATION_HEARTBEAT,"{""dock_occupied"": 1, ""power_connected"": true}"
39040,2026-04-21T16:52:59Z,S1,STATION_HEARTBEAT,"{""dock_occupied"": 1, ""power_connected"": true}"
39041,2026-04-21T16:53:04Z,S1,STATION_HEARTBEAT,"{""dock_occupied"": 1, ""power_connected"": true}"
39042,2026-04-21T16:53:09Z,S1,STATION_HEARTBEAT,"{""dock_occupied"": 1, ""power_connected"": true}"
39043,2026-04-21T16:53:14Z,S1,STATION_HEARTBEAT,"{""dock_occupied"": 1, ""power_connected"": true}"
39044,2026-04-21T16:53:19Z,S1,STATION_HEARTBEAT,"{""dock_occupied"": 1, ""power_connected"": true}"
39045,2026-04-21T16:53:24Z,S1,STATION_HEARTBEAT,"{""dock_occupied"": 1, ""power_connected"": true}"
39046,2026-04-21T16:53:29Z,S1,STATION_HEARTBEAT,"{""dock_occupied"": 1, ""power_connected"": true}"
39047,2026-04-21T16:53:34Z,S1,STATION_HEARTBEAT,"{""dock_occupied"": 1, ""power_connected"": true}"
39048,2026-04-21T16:53:39Z,S1,STATION_HEARTBEAT,"{""dock_occupied"": 1, ""power_connected"": true}"
39049,2026-04-21T16:53:44Z,S1,STATION_HEARTBEAT,"{""dock_occupied"": 1, ""power_connected"": true}"
39050,2026-04-21T16:53:49Z,S1,STATION_HEARTBEAT,"{""dock_occupied"": 1, ""power_connected"": true}"
39051,2026-04-21T16:53:54Z,S1,STATION_HEARTBEAT,"{""dock_occupied"": 1, ""power_connected"": true}"
39052,2026-04-21T16:53:59Z,S1,STATION_HEARTBEAT,"{""dock_occupied"": 1, ""power_connected"": true}"
39053,2026-04-21T16:54:04Z,S1,STATION_HEARTBEAT,"{""dock_occupied"": 1, ""power_connected"": true}"
39054,2026-04-21T16:54:09Z,S1,STATION_HEARTBEAT,"{""dock_occupied"": 1, ""power_connected"": true}"
39055,2026-04-21T16:54:14Z,S1,STATION_HEARTBEAT,"{""dock_occupied"": 1, ""power_connected"": true}"
39056,2026-04-21T16:54:29Z,S1,STATION_HEARTBEAT,"{""dock_occupied"": 1, ""power_connected"": true}"
39057,2026-04-21T16:54:34Z,S1,STATION_HEARTBEAT,"{""dock_occupied"": 1, ""power_connected"": true}"
39058,2026-04-21T16:54:39Z,S1,STATION_HEARTBEAT,"{""dock_occupied"": 1, ""power_connected"": true}"
39059,2026-04-21T16:54:44Z,S1,STATION_HEARTBEAT,"{""dock_occupied"": 1, ""power_connected"": true}"
39060,2026-04-21T16:54:51Z,S1,RENTAL_APPROVED,"{""user_id"": ""U1"", ""bike_id"": ""B1""}"
39061,2026-04-21T16:54:59Z,S1,STATION_HEARTBEAT,"{""dock_occupied"": 1, ""power_connected"": true}"
39062,2026-04-21T16:55:04Z,S1,STATION_HEARTBEAT,"{""dock_occupied"": 1, ""power_connected"": true}"
39063,2026-04-21T16:55:14Z,S1,STATION_HEARTBEAT,"{""dock_occupied"": 1, ""power_connected"": true}"
39064,2026-04-21T16:55:23Z,S1,STATION_HEARTBEAT,"{""dock_occupied"": 1, ""power_connected"": true}"
39065,2026-04-21T16:55:28Z,S1,STATION_HEARTBEAT,"{""dock_occupied"": 1, ""power_connected"": true}"
39066,2026-04-21T16:55:34Z,S1,RENTAL_APPROVED,"{""user_id"": ""U1"", ""bike_id"": ""B1""}"
39067,2026-04-21T16:55:38Z,S1,STATION_HEARTBEAT,"{""dock_occupied"": 1, ""power_connected"": true}"
39068,2026-04-21T16:55:43Z,S1,STATION_HEARTBEAT,"{""dock_occupied"": 1, ""power_connected"": true}"
39069,2026-04-21T16:55:48Z,S1,STATION_HEARTBEAT,"{""dock_occupied"": 1, ""power_connected"": true}"
39070,2026-04-21T16:55:53Z,S1,STATION_HEARTBEAT,"{""dock_occupied"": 1, ""power_connected"": true}"
39071,2026-04-21T16:55:55Z,S1,RENTAL_STARTED,"{""rental_id"": ""62fed164-0c60-4b18-b61b-c1023eba8928"", ""user_id"": ""U1"", ""bike_id"": ""B1"", ""start_station_id"": ""S1"", ""start_time"": ""2026-04-21T16:55:55Z""}"
39072,2026-04-21T16:55:58Z,S1,STATION_HEARTBEAT,"{""dock_occupied"": 1, ""power_connected"": true}"
39073,2026-04-21T16:56:03Z,S1,STATION_HEARTBEAT,"{""dock_occupied"": 1, ""power_connected"": true}"
39074,2026-04-21T16:56:10Z,S1,RENTAL_REQUEST_DENIED,"{""username"": ""valeria"", ""bike_id"": ""B1"", ""reason"": ""user_has_active_rental""}"
39075,2026-04-21T16:56:13Z,S1,STATION_HEARTBEAT,"{""dock_occupied"": 1, ""power_connected"": true}"
39076,2026-04-21T16:56:18Z,S1,STATION_HEARTBEAT,"{""dock_occupied"": 1, ""power_connected"": true}"
39077,2026-04-21T16:56:24Z,S1,STATION_HEARTBEAT,"{""dock_occupied"": 1, ""power_connected"": true}"
39078,2026-04-21T16:56:28Z,S1,STATION_HEARTBEAT,"{""dock_occupied"": 1, ""power_connected"": true}"
39079,2026-04-21T16:56:33Z,S1,STATION_HEARTBEAT,"{""dock_occupied"": 1, ""power_connected"": true}"
39080,2026-04-21T16:56:38Z,S1,STATION_HEARTBEAT,"{""dock_occupied"": 1, ""power_connected"": true}"
39081,2026-04-21T16:56:43Z,S1,STATION_HEARTBEAT,"{""dock_occupied"": 1, ""power_connected"": true}"
39082,2026-04-21T16:56:48Z,S1,STATION_HEARTBEAT,"{""dock_occupied"": 1, ""power_connected"": true}"
39083,2026-04-21T16:56:53Z,S1,STATION_HEARTBEAT,"{""dock_occupied"": 1, ""power_connected"": true}"
39084,2026-04-21T16:56:58Z,S1,STATION_HEARTBEAT,"{""dock_occupied"": 1, ""power_connected"": true}"
39085,2026-04-21T16:57:03Z,S1,STATION_HEARTBEAT,"{""dock_occupied"": 1, ""power_connected"": true}"
39086,2026-04-21T16:57:08Z,S1,STATION_HEARTBEAT,"{""dock_occupied"": 1, ""power_connected"": true}"
39087,2026-04-21T16:57:13Z,S1,STATION_HEARTBEAT,"{""dock_occupied"": 1, ""power_connected"": true}"
39088,2026-04-21T16:57:18Z,S1,STATION_HEARTBEAT,"{""dock_occupied"": 1, ""power_connected"": true}"
39089,2026-04-21T16:57:23Z,S1,STATION_HEARTBEAT,"{""dock_occupied"": 1, ""power_connected"": true}"
39090,2026-04-21T16:57:28Z,S1,STATION_HEARTBEAT,"{""dock_occupied"": 1, ""power_connected"": true}"
39091,2026-04-21T16:57:33Z,S1,STATION_HEARTBEAT,"{""dock_occupied"": 1, ""power_connected"": true}"
39092,2026-04-21T16:57:38Z,S1,STATION_HEARTBEAT,"{""dock_occupied"": 1, ""power_connected"": true}"
39093,2026-04-21T16:57:44Z,S1,STATION_HEARTBEAT,"{""dock_occupied"": 1, ""power_connected"": true}"
39094,2026-04-21T16:57:49Z,S1,STATION_HEARTBEAT,"{""dock_occupied"": 1, ""power_connected"": true}"
39095,2026-04-21T16:57:54Z,S1,STATION_HEARTBEAT,"{""dock_occupied"": 1, ""power_connected"": true}"
39096,2026-04-21T16:57:59Z,S1,STATION_HEARTBEAT,"{""dock_occupied"": 1, ""power_connected"": true}"
39097,2026-04-21T16:58:04Z,S1,STATION_HEARTBEAT,"{""dock_occupied"": 1, ""power_connected"": true}"
39098,2026-04-21T16:58:09Z,S1,STATION_HEARTBEAT,"{""dock_occupied"": 1, ""power_connected"": true}"
39099,2026-04-21T16:58:14Z,S1,STATION_HEARTBEAT,"{""dock_occupied"": 1, ""power_connected"": true}"
39100,2026-04-21T16:58:19Z,S1,STATION_HEARTBEAT,"{""dock_occupied"": 1, ""power_connected"": true}"
39101,2026-04-21T16:58:24Z,S1,STATION_HEARTBEAT,"{""dock_occupied"": 1, ""power_connected"": true}"
39102,2026-04-21T16:58:29Z,S1,STATION_HEARTBEAT,"{""dock_occupied"": 1, ""power_connected"": true}"
39103,2026-04-21T16:58:34Z,S1,STATION_HEARTBEAT,"{""dock_occupied"": 1, ""power_connected"": true}"
39104,2026-04-21T16:58:39Z,S1,STATION_HEARTBEAT,"{""dock_occupied"": 1, ""power_connected"": true}"
39105,2026-04-21T16:58:44Z,S1,STATION_HEARTBEAT,"{""dock_occupied"": 1, ""power_connected"": true}"
39106,2026-04-21T16:58:49Z,S1,STATION_HEARTBEAT,"{""dock_occupied"": 1, ""power_connected"": true}"
39107,2026-04-21T16:58:54Z,S1,STATION_HEARTBEAT,"{""dock_occupied"": 1, ""power_connected"": true}"
39108,2026-04-21T16:58:59Z,S1,STATION_HEARTBEAT,"{""dock_occupied"": 1, ""power_connected"": true}"
39109,2026-04-21T16:59:04Z,S1,STATION_HEARTBEAT,"{""dock_occupied"": 1, ""power_connected"": true}"
39110,2026-04-21T16:59:09Z,S1,STATION_HEARTBEAT,"{""dock_occupied"": 1, ""power_connected"": true}"
39111,2026-04-21T16:59:14Z,S1,STATION_HEARTBEAT,"{""dock_occupied"": 1, ""power_connected"": true}"
39112,2026-04-21T16:59:19Z,S1,STATION_HEARTBEAT,"{""dock_occupied"": 1, ""power_connected"": true}"
39113,2026-04-21T16:59:24Z,S1,STATION_HEARTBEAT,"{""dock_occupied"": 1, ""power_connected"": true}"
39114,2026-04-21T16:59:29Z,S1,STATION_HEARTBEAT,"{""dock_occupied"": 1, ""power_connected"": true}"
39115,2026-04-21T16:59:34Z,S1,STATION_HEARTBEAT,"{""dock_occupied"": 1, ""power_connected"": true}"
39116,2026-04-21T16:59:39Z,S1,STATION_HEARTBEAT,"{""dock_occupied"": 1, ""power_connected"": true}"
39117,2026-04-21T16:59:44Z,S1,STATION_HEARTBEAT,"{""dock_occupied"": 1, ""power_connected"": true}"
39118,2026-04-21T16:59:49Z,S1,STATION_HEARTBEAT,"{""dock_occupied"": 1, ""power_connected"": true}"
39119,2026-04-21T16:59:54Z,S1,STATION_HEARTBEAT,"{""dock_occupied"": 1, ""power_connected"": true}"
39120,2026-04-21T16:59:59Z,S1,STATION_HEARTBEAT,"{""dock_occupied"": 1, ""power_connected"": true}"
39121,2026-04-21T17:00:04Z,S1,STATION_HEARTBEAT,"{""dock_occupied"": 1, ""power_connected"": true}"
39122,2026-04-21T17:00:09Z,S1,STATION_HEARTBEAT,"{""dock_occupied"": 1, ""power_connected"": true}"
39123,2026-04-21T17:00:14Z,S1,STATION_HEARTBEAT,"{""dock_occupied"": 1, ""power_connected"": true}"
39124,2026-04-21T17:00:19Z,S1,STATION_HEARTBEAT,"{""dock_occupied"": 1, ""power_connected"": true}"
39125,2026-04-21T17:00:24Z,S1,STATION_HEARTBEAT,"{""dock_occupied"": 1, ""power_connected"": true}"
39126,2026-04-21T17:00:29Z,S1,STATION_HEARTBEAT,"{""dock_occupied"": 1, ""power_connected"": true}"
39127,2026-04-21T17:00:34Z,S1,STATION_HEARTBEAT,"{""dock_occupied"": 1, ""power_connected"": true}"
39128,2026-04-21T17:00:39Z,S1,STATION_HEARTBEAT,"{""dock_occupied"": 1, ""power_connected"": true}"
39129,2026-04-21T17:00:44Z,S1,STATION_HEARTBEAT,"{""dock_occupied"": 1, ""power_connected"": true}"
39130,2026-04-21T17:00:49Z,S1,STATION_HEARTBEAT,"{""dock_occupied"": 1, ""power_connected"": true}"
39131,2026-04-21T17:00:54Z,S1,STATION_HEARTBEAT,"{""dock_occupied"": 1, ""power_connected"": true}"
39132,2026-04-21T17:00:59Z,S1,STATION_HEARTBEAT,"{""dock_occupied"": 1, ""power_connected"": true}"
39133,2026-04-21T17:01:04Z,S1,STATION_HEARTBEAT,"{""dock_occupied"": 1, ""power_connected"": true}"
39134,2026-04-21T17:01:09Z,S1,STATION_HEARTBEAT,"{""dock_occupied"": 1, ""power_connected"": true}"
39135,2026-04-21T17:01:14Z,S1,STATION_HEARTBEAT,"{""dock_occupied"": 1, ""power_connected"": true}"
39136,2026-04-21T17:01:19Z,S1,STATION_HEARTBEAT,"{""dock_occupied"": 1, ""power_connected"": true}"
39137,2026-04-21T17:01:24Z,S1,STATION_HEARTBEAT,"{""dock_occupied"": 1, ""power_connected"": true}"
39138,2026-04-21T17:01:29Z,S1,STATION_HEARTBEAT,"{""dock_occupied"": 1, ""power_connected"": true}"
39139,2026-04-21T17:01:34Z,S1,STATION_HEARTBEAT,"{""dock_occupied"": 1, ""power_connected"": true}"
39140,2026-04-21T17:01:39Z,S1,STATION_HEARTBEAT,"{""dock_occupied"": 1, ""power_connected"": true}"
39141,2026-04-21T17:01:44Z,S1,STATION_HEARTBEAT,"{""dock_occupied"": 1, ""power_connected"": true}"
39142,2026-04-21T17:01:49Z,S1,STATION_HEARTBEAT,"{""dock_occupied"": 1, ""power_connected"": true}"
39143,2026-04-21T17:01:54Z,S1,STATION_HEARTBEAT,"{""dock_occupied"": 1, ""power_connected"": true}"
39144,2026-04-21T17:01:59Z,S1,STATION_HEARTBEAT,"{""dock_occupied"": 1, ""power_connected"": true}"
39145,2026-04-21T17:02:04Z,S1,STATION_HEARTBEAT,"{""dock_occupied"": 1, ""power_connected"": true}"
39146,2026-04-21T17:02:09Z,S1,STATION_HEARTBEAT,"{""dock_occupied"": 1, ""power_connected"": true}"
39147,2026-04-21T17:02:14Z,S1,STATION_HEARTBEAT,"{""dock_occupied"": 1, ""power_connected"": true}"
39148,2026-04-21T17:02:19Z,S1,STATION_HEARTBEAT,"{""dock_occupied"": 1, ""power_connected"": true}"
39149,2026-04-21T17:02:24Z,S1,STATION_HEARTBEAT,"{""dock_occupied"": 1, ""power_connected"": true}"
39150,2026-04-21T17:02:29Z,S1,STATION_HEARTBEAT,"{""dock_occupied"": 1, ""power_connected"": true}"
39151,2026-04-21T17:02:34Z,S1,STATION_HEARTBEAT,"{""dock_occupied"": 1, ""power_connected"": true}"
39152,2026-04-21T17:02:39Z,S1,STATION_HEARTBEAT,"{""dock_occupied"": 1, ""power_connected"": true}"
39153,2026-04-21T17:02:44Z,S1,STATION_HEARTBEAT,"{""dock_occupied"": 1, ""power_connected"": true}"
39154,2026-04-21T17:02:49Z,S1,STATION_HEARTBEAT,"{""dock_occupied"": 1, ""power_connected"": true}"
39155,2026-04-21T17:02:54Z,S1,STATION_HEARTBEAT,"{""dock_occupied"": 1, ""power_connected"": true}"
39156,2026-04-21T17:02:59Z,S1,STATION_HEARTBEAT,"{""dock_occupied"": 1, ""power_connected"": true}"
39157,2026-04-21T17:03:04Z,S1,STATION_HEARTBEAT,"{""dock_occupied"": 1, ""power_connected"": true}"
39158,2026-04-21T17:03:09Z,S1,STATION_HEARTBEAT,"{""dock_occupied"": 1, ""power_connected"": true}"
39159,2026-04-21T17:03:14Z,S1,STATION_HEARTBEAT,"{""dock_occupied"": 1, ""power_connected"": true}"
39160,2026-04-21T17:03:19Z,S1,STATION_HEARTBEAT,"{""dock_occupied"": 1, ""power_connected"": true}"
39161,2026-04-21T17:03:24Z,S1,STATION_HEARTBEAT,"{""dock_occupied"": 1, ""power_connected"": true}"
39162,2026-04-21T17:03:29Z,S1,STATION_HEARTBEAT,"{""dock_occupied"": 1, ""power_connected"": true}"
39164,2026-04-22T21:05:46Z,S1,RENTAL_COMPLETED,"{""rental_id"": ""62fed164-0c60-4b18-b61b-c1023eba8928"", ""bike_id"": ""B1"", ""end_station_id"": ""S1"", ""duration_minutes"": 1689.85, ""simulated_cost"": 1689.85, ""power_connected"": true, ""lock_confirmed"": true}"
39163,2026-04-22T21:05:46Z,S1,PAYMENT_CAPTURED,"{""rental_id"": ""62fed164-0c60-4b18-b61b-c1023eba8928"", ""bike_id"": ""B1"", ""payment_method"": ""station_card"", ""simulated_cost"": 1689.85}"
39165,2026-04-24T02:42:25Z,B1,GPS_UPDATE,"{""lat"": 14.545203, ""lon"": -90.437898, ""gps_time"": ""2026-04-24T02:42:24Z""}"
39166,2026-04-24T02:42:30Z,S1,STATION_HEARTBEAT,"{""dock_occupied"": 1, ""power_connected"": true}"
39167,2026-04-24T02:42:35Z,S1,STATION_HEARTBEAT,"{""dock_occupied"": 1, ""power_connected"": true}"
39168,2026-04-24T02:42:40Z,S1,STATION_HEARTBEAT,"{""dock_occupied"": 1, ""power_connected"": true}"
39169,2026-04-24T02:42:44Z,S1,RENTAL_REQUEST_DENIED,"{""user_id"": ""U1"", ""bike_id"": ""B1"", ""reason"": ""insufficient_balance""}"
39170,2026-04-24T02:42:50Z,S1,STATION_HEARTBEAT,"{""dock_occupied"": 1, ""power_connected"": true}"
39171,2026-04-24T02:42:55Z,B1,GPS_UPDATE,"{""lat"": 14.545196, ""lon"": -90.437899, ""gps_time"": ""2026-04-24T02:42:54Z""}"
39172,2026-04-24T02:43:00Z,S1,STATION_HEARTBEAT,"{""dock_occupied"": 1, ""power_connected"": true}"
39173,2026-04-24T02:43:05Z,S1,STATION_HEARTBEAT,"{""dock_occupied"": 1, ""power_connected"": true}"
39174,2026-04-24T02:43:09Z,S1,RENTAL_REQUEST_DENIED,"{""user_id"": ""U1"", ""bike_id"": ""B1"", ""reason"": ""insufficient_balance""}"
39175,2026-04-24T02:43:15Z,S1,STATION_HEARTBEAT,"{""dock_occupied"": 1, ""power_connected"": true}"
39176,2026-04-24T02:43:20Z,S1,STATION_HEARTBEAT,"{""dock_occupied"": 1, ""power_connected"": true}"
39177,2026-04-24T02:43:25Z,B1,GPS_UPDATE,"{""lat"": 14.545204, ""lon"": -90.437907, ""gps_time"": ""2026-04-24T02:43:24Z""}"
39178,2026-04-24T02:43:30Z,S1,STATION_HEARTBEAT,"{""dock_occupied"": 1, ""power_connected"": true}"
39179,2026-04-24T02:43:35Z,S1,STATION_HEARTBEAT,"{""dock_occupied"": 1, ""power_connected"": true}"
39180,2026-04-24T02:43:40Z,S1,STATION_HEARTBEAT,"{""dock_occupied"": 1, ""power_connected"": true}"
39181,2026-04-24T02:43:45Z,S1,STATION_HEARTBEAT,"{""dock_occupied"": 1, ""power_connected"": true}"
39182,2026-04-24T02:43:50Z,S1,STATION_HEARTBEAT,"{""dock_occupied"": 1, ""power_connected"": true}"
39183,2026-04-24T02:52:55Z,B1,GPS_UPDATE,"{""lat"": 14.545211, ""lon"": -90.437899, ""gps_time"": ""2026-04-24T02:52:54Z""}"
39184,2026-04-24T02:53:25Z,B1,GPS_UPDATE,"{""lat"": 14.545212, ""lon"": -90.437901, ""gps_time"": ""2026-04-24T02:53:24Z""}"
39185,2026-04-24T02:53:55Z,B1,GPS_UPDATE,"{""lat"": 14.54521, ""lon"": -90.437897, ""gps_time"": ""2026-04-24T02:53:54Z""}"
39186,2026-04-24T02:54:01Z,S1,STATION_HEARTBEAT,"{""dock_occupied"": 1, ""power_connected"": true}"
39187,2026-04-24T02:54:06Z,S1,STATION_HEARTBEAT,"{""dock_occupied"": 1, ""power_connected"": true}"
39188,2026-04-24T02:54:11Z,S1,STATION_HEARTBEAT,"{""dock_occupied"": 1, ""power_connected"": true}"
39189,2026-04-24T02:54:16Z,S1,STATION_HEARTBEAT,"{""dock_occupied"": 1, ""power_connected"": true}"
39190,2026-04-24T02:54:21Z,S1,STATION_HEARTBEAT,"{""dock_occupied"": 1, ""power_connected"": true}"
39191,2026-04-24T02:54:25Z,B1,GPS_UPDATE,"{""lat"": 14.545211, ""lon"": -90.437906, ""gps_time"": ""2026-04-24T02:54:24Z""}"
39192,2026-04-24T02:55:36Z,S1,STATION_HEARTBEAT,"{""dock_occupied"": 1, ""power_connected"": true}"
39193,2026-04-24T02:55:41Z,S1,STATION_HEARTBEAT,"{""dock_occupied"": 1, ""power_connected"": true}"
39194,2026-04-24T02:55:46Z,S1,STATION_HEARTBEAT,"{""dock_occupied"": 1, ""power_connected"": true}"
39195,2026-04-24T02:55:51Z,S1,STATION_HEARTBEAT,"{""dock_occupied"": 1, ""power_connected"": true}"
39196,2026-04-24T02:55:55Z,B1,GPS_UPDATE,"{""lat"": 14.545202, ""lon"": -90.437911, ""gps_time"": ""2026-04-24T02:55:54Z""}"
39197,2026-04-24T02:55:56Z,S1,STATION_HEARTBEAT,"{""dock_occupied"": 1, ""power_connected"": true}"
39198,2026-04-24T02:56:01Z,S1,STATION_HEARTBEAT,"{""dock_occupied"": 1, ""power_connected"": true}"
39199,2026-04-24T02:56:06Z,S1,STATION_HEARTBEAT,"{""dock_occupied"": 1, ""power_connected"": true}"
39200,2026-04-24T02:56:14Z,S1,RENTAL_REQUEST_DENIED,"{""user_id"": ""U1"", ""bike_id"": ""B1"", ""reason"": ""insufficient_balance""}"
39201,2026-04-24T02:56:16Z,S1,STATION_HEARTBEAT,"{""dock_occupied"": 1, ""power_connected"": true}"
39202,2026-04-24T02:56:21Z,S1,STATION_HEARTBEAT,"{""dock_occupied"": 1, ""power_connected"": true}"
39203,2026-04-24T02:56:25Z,B1,GPS_UPDATE,"{""lat"": 14.545205, ""lon"": -90.437909, ""gps_time"": ""2026-04-24T02:56:24Z""}"
39204,2026-04-24T02:56:31Z,S1,STATION_HEARTBEAT,"{""dock_occupied"": 1, ""power_connected"": true}"
39205,2026-04-24T02:56:36Z,S1,STATION_HEARTBEAT,"{""dock_occupied"": 1, ""power_connected"": true}"
39206,2026-04-24T02:56:41Z,S1,STATION_HEARTBEAT,"{""dock_occupied"": 1, ""power_connected"": true}"
39207,2026-04-24T02:56:45Z,S1,RENTAL_REQUEST_DENIED,"{""user_id"": ""U1"", ""bike_id"": ""B1"", ""reason"": ""insufficient_balance""}"
39208,2026-04-24T02:56:51Z,S1,STATION_HEARTBEAT,"{""dock_occupied"": 1, ""power_connected"": true}"
39209,2026-04-24T02:56:55Z,B1,GPS_UPDATE,"{""lat"": 14.545204, ""lon"": -90.437907, ""gps_time"": ""2026-04-24T02:56:54Z""}"
39210,2026-04-24T02:56:56Z,S1,STATION_HEARTBEAT,"{""dock_occupied"": 1, ""power_connected"": true}"
39211,2026-04-24T02:57:01Z,S1,STATION_HEARTBEAT,"{""dock_occupied"": 1, ""power_connected"": true}"
39212,2026-04-24T02:57:06Z,S1,STATION_HEARTBEAT,"{""dock_occupied"": 1, ""power_connected"": true}"
39213,2026-04-24T02:57:11Z,S1,STATION_HEARTBEAT,"{""dock_occupied"": 1, ""power_connected"": true}"
39214,2026-04-24T02:57:16Z,S1,STATION_HEARTBEAT,"{""dock_occupied"": 1, ""power_connected"": true}"
39215,2026-04-24T02:57:21Z,S1,STATION_HEARTBEAT,"{""dock_occupied"": 1, ""power_connected"": true}"
39216,2026-04-24T02:57:25Z,B1,GPS_UPDATE,"{""lat"": 14.545205, ""lon"": -90.437908, ""gps_time"": ""2026-04-24T02:57:24Z""}"
39217,2026-04-24T02:57:26Z,S1,STATION_HEARTBEAT,"{""dock_occupied"": 1, ""power_connected"": true}"
39218,2026-04-24T02:57:31Z,U1,TOPUP,"{""user_id"": ""U1"", ""code"": ""JXRZ7EF8"", ""amount"": 50.0, ""new_balance"": -1539.85}"
39219,2026-04-24T02:57:36Z,S1,STATION_HEARTBEAT,"{""dock_occupied"": 1, ""power_connected"": true}"
39220,2026-04-24T02:57:41Z,S1,STATION_HEARTBEAT,"{""dock_occupied"": 1, ""power_connected"": true}"
39221,2026-04-24T21:34:01Z,B1,GPS_UPDATE,"{""lat"": 14.545253, ""lon"": -90.43792, ""gps_time"": ""2026-04-24T21:34:01Z""}"
39222,2026-04-24T21:34:31Z,B1,GPS_UPDATE,"{""lat"": 14.545253, ""lon"": -90.437915, ""gps_time"": ""2026-04-24T21:34:31Z""}"
39223,2026-04-24T21:35:01Z,B1,GPS_UPDATE,"{""lat"": 14.545244, ""lon"": -90.437888, ""gps_time"": ""2026-04-24T21:35:01Z""}"
39224,2026-04-24T21:35:31Z,B1,GPS_UPDATE,"{""lat"": 14.545244, ""lon"": -90.437891, ""gps_time"": ""2026-04-24T21:35:31Z""}"
39225,2026-04-24T21:36:01Z,B1,GPS_UPDATE,"{""lat"": 14.545244, ""lon"": -90.437889, ""gps_time"": ""2026-04-24T21:36:01Z""}"
39226,2026-04-24T21:36:31Z,B1,GPS_UPDATE,"{""lat"": 14.54525, ""lon"": -90.437921, ""gps_time"": ""2026-04-24T21:36:31Z""}"
39227,2026-04-24T21:37:01Z,B1,GPS_UPDATE,"{""lat"": 14.545248, ""lon"": -90.437912, ""gps_time"": ""2026-04-24T21:37:01Z""}"
39228,2026-04-24T21:37:31Z,B1,GPS_UPDATE,"{""lat"": 14.545244, ""lon"": -90.43791, ""gps_time"": ""2026-04-24T21:37:31Z""}"
39229,2026-04-24T21:38:01Z,B1,GPS_UPDATE,"{""lat"": 14.545232, ""lon"": -90.437895, ""gps_time"": ""2026-04-24T21:38:01Z""}"
39230,2026-04-24T21:38:31Z,B1,GPS_UPDATE,"{""lat"": 14.545232, ""lon"": -90.437885, ""gps_time"": ""2026-04-24T21:38:31Z""}"
39231,2026-04-24T21:39:01Z,B1,GPS_UPDATE,"{""lat"": 14.545242, ""lon"": -90.437897, ""gps_time"": ""2026-04-24T21:39:01Z""}"
39232,2026-04-24T21:39:31Z,B1,GPS_UPDATE,"{""lat"": 14.54526, ""lon"": -90.437933, ""gps_time"": ""2026-04-24T21:39:31Z""}"
39233,2026-04-24T21:40:01Z,B1,GPS_UPDATE,"{""lat"": 14.545262, ""lon"": -90.437958, ""gps_time"": ""2026-04-24T21:40:01Z""}"
39234,2026-04-24T21:40:31Z,B1,GPS_UPDATE,"{""lat"": 14.545255, ""lon"": -90.437949, ""gps_time"": ""2026-04-24T21:40:31Z""}"
39235,2026-04-24T21:41:01Z,B1,GPS_UPDATE,"{""lat"": 14.545244, ""lon"": -90.437917, ""gps_time"": ""2026-04-24T21:41:01Z""}"
39236,2026-04-24T21:41:22Z,S1,STATION_HEARTBEAT,"{""dock_occupied"": 1, ""power_connected"": true}"
39237,2026-04-24T21:41:27Z,S1,STATION_HEARTBEAT,"{""dock_occupied"": 1, ""power_connected"": true}"
39238,2026-04-24T21:41:31Z,B1,GPS_UPDATE,"{""lat"": 14.545245, ""lon"": -90.437933, ""gps_time"": ""2026-04-24T21:41:31Z""}"
39239,2026-04-24T21:42:01Z,B1,GPS_UPDATE,"{""lat"": 14.545242, ""lon"": -90.437933, ""gps_time"": ""2026-04-24T21:42:01Z""}"
39240,2026-04-24T21:42:07Z,S1,STATION_HEARTBEAT,"{""dock_occupied"": 1, ""power_connected"": true}"
39241,2026-04-24T21:42:31Z,B1,GPS_UPDATE,"{""lat"": 14.54524, ""lon"": -90.437934, ""gps_time"": ""2026-04-24T21:42:31Z""}"
39242,2026-04-24T21:42:42Z,S1,STATION_HEARTBEAT,"{""dock_occupied"": 1, ""power_connected"": true}"
39243,2026-04-24T21:42:57Z,S1,STATION_HEARTBEAT,"{""dock_occupied"": 1, ""power_connected"": true}"
39244,2026-04-24T21:43:01Z,B1,GPS_UPDATE,"{""lat"": 14.545229, ""lon"": -90.437932, ""gps_time"": ""2026-04-24T21:43:01Z""}"
39245,2026-04-24T21:43:02Z,S1,STATION_HEARTBEAT,"{""dock_occupied"": 1, ""power_connected"": true}"
39246,2026-04-24T21:43:31Z,B1,GPS_UPDATE,"{""lat"": 14.545227, ""lon"": -90.437927, ""gps_time"": ""2026-04-24T21:43:31Z""}"
39247,2026-04-24T21:43:52Z,S1,STATION_HEARTBEAT,"{""dock_occupied"": 1, ""power_connected"": true}"
39248,2026-04-24T21:44:01Z,B1,GPS_UPDATE,"{""lat"": 14.545236, ""lon"": -90.437922, ""gps_time"": ""2026-04-24T21:44:01Z""}"
39249,2026-04-24T21:44:12Z,S1,STATION_HEARTBEAT,"{""dock_occupied"": 1, ""power_connected"": true}"
39250,2026-04-24T21:44:17Z,S1,STATION_HEARTBEAT,"{""dock_occupied"": 1, ""power_connected"": true}"
39251,2026-04-24T21:44:22Z,S1,STATION_HEARTBEAT,"{""dock_occupied"": 1, ""power_connected"": true}"
39252,2026-04-24T21:44:27Z,S1,STATION_HEARTBEAT,"{""dock_occupied"": 1, ""power_connected"": true}"
39253,2026-04-24T21:44:31Z,B1,GPS_UPDATE,"{""lat"": 14.545221, ""lon"": -90.437887, ""gps_time"": ""2026-04-24T21:44:31Z""}"
39254,2026-04-24T21:44:32Z,S1,STATION_HEARTBEAT,"{""dock_occupied"": 1, ""power_connected"": true}"
39255,2026-04-24T21:44:52Z,S1,STATION_HEARTBEAT,"{""dock_occupied"": 1, ""power_connected"": true}"
39256,2026-04-24T21:44:57Z,S1,STATION_HEARTBEAT,"{""dock_occupied"": 1, ""power_connected"": true}"
39257,2026-04-24T21:45:01Z,B1,GPS_UPDATE,"{""lat"": 14.545214, ""lon"": -90.437858, ""gps_time"": ""2026-04-24T21:45:01Z""}"
39258,2026-04-24T21:45:07Z,S1,STATION_HEARTBEAT,"{""dock_occupied"": 1, ""power_connected"": true}"
39259,2026-04-24T21:45:31Z,B1,GPS_UPDATE,"{""lat"": 14.545242, ""lon"": -90.437927, ""gps_time"": ""2026-04-24T21:45:31Z""}"
39260,2026-04-24T21:46:01Z,B1,GPS_UPDATE,"{""lat"": 14.545215, ""lon"": -90.437895, ""gps_time"": ""2026-04-24T21:46:01Z""}"
39261,2026-04-24T21:46:31Z,B1,GPS_UPDATE,"{""lat"": 14.545226, ""lon"": -90.437916, ""gps_time"": ""2026-04-24T21:46:31Z""}"
39262,2026-04-24T21:46:44Z,S1,STATION_HEARTBEAT,"{""dock_occupied"": 1, ""power_connected"": true}"
39263,2026-04-24T21:46:54Z,S1,STATION_HEARTBEAT,"{""dock_occupied"": 1, ""power_connected"": true}"
39264,2026-04-24T21:46:59Z,S1,STATION_HEARTBEAT,"{""dock_occupied"": 1, ""power_connected"": true}"
39265,2026-04-24T21:47:01Z,B1,GPS_UPDATE,"{""lat"": 14.545217, ""lon"": -90.437904, ""gps_time"": ""2026-04-24T21:47:01Z""}"
39266,2026-04-24T21:47:04Z,S1,STATION_HEARTBEAT,"{""dock_occupied"": 1, ""power_connected"": true}"
39267,2026-04-24T21:47:31Z,B1,GPS_UPDATE,"{""lat"": 14.545215, ""lon"": -90.43789, ""gps_time"": ""2026-04-24T21:47:31Z""}"
39268,2026-04-24T21:48:01Z,B1,GPS_UPDATE,"{""lat"": 14.545221, ""lon"": -90.437879, ""gps_time"": ""2026-04-24T21:48:01Z""}"
39269,2026-04-24T21:48:04Z,S1,STATION_HEARTBEAT,"{""dock_occupied"": 1, ""power_connected"": true}"
39270,2026-04-24T21:48:14Z,S1,STATION_HEARTBEAT,"{""dock_occupied"": 1, ""power_connected"": true}"
39271,2026-04-24T21:48:31Z,B1,GPS_UPDATE,"{""lat"": 14.545207, ""lon"": -90.437871, ""gps_time"": ""2026-04-24T21:48:31Z""}"
39272,2026-04-24T21:48:49Z,S1,STATION_HEARTBEAT,"{""dock_occupied"": 1, ""power_connected"": true}"
39273,2026-04-24T21:49:01Z,B1,GPS_UPDATE,"{""lat"": 14.545198, ""lon"": -90.437854, ""gps_time"": ""2026-04-24T21:49:01Z""}"
39274,2026-04-24T21:49:31Z,B1,GPS_UPDATE,"{""lat"": 14.545208, ""lon"": -90.437874, ""gps_time"": ""2026-04-24T21:49:31Z""}"
39275,2026-04-24T21:49:54Z,S1,STATION_HEARTBEAT,"{""dock_occupied"": 1, ""power_connected"": true}"
39276,2026-04-24T21:50:01Z,B1,GPS_UPDATE,"{""lat"": 14.54521, ""lon"": -90.437878, ""gps_time"": ""2026-04-24T21:50:01Z""}"
39277,2026-04-24T21:50:31Z,B1,GPS_UPDATE,"{""lat"": 14.545238, ""lon"": -90.437889, ""gps_time"": ""2026-04-24T21:50:31Z""}"
39278,2026-04-24T21:50:44Z,S1,STATION_HEARTBEAT,"{""dock_occupied"": 1, ""power_connected"": true}"
39279,2026-04-24T21:50:59Z,S1,STATION_HEARTBEAT,"{""dock_occupied"": 1, ""power_connected"": true}"
39280,2026-04-24T21:51:01Z,B1,GPS_UPDATE,"{""lat"": 14.545246, ""lon"": -90.43792, ""gps_time"": ""2026-04-24T21:51:01Z""}"
39281,2026-04-24T21:51:04Z,S1,STATION_HEARTBEAT,"{""dock_occupied"": 1, ""power_connected"": true}"
39282,2026-04-24T21:51:09Z,S1,STATION_HEARTBEAT,"{""dock_occupied"": 1, ""power_connected"": true}"
39283,2026-04-24T21:51:14Z,S1,STATION_HEARTBEAT,"{""dock_occupied"": 1, ""power_connected"": true}"
39284,2026-04-24T21:51:19Z,S1,STATION_HEARTBEAT,"{""dock_occupied"": 1, ""power_connected"": true}"
39285,2026-04-24T21:51:24Z,S1,STATION_HEARTBEAT,"{""dock_occupied"": 1, ""power_connected"": true}"
39286,2026-04-24T21:51:29Z,S1,STATION_HEARTBEAT,"{""dock_occupied"": 1, ""power_connected"": true}"
39287,2026-04-24T21:51:31Z,B1,GPS_UPDATE,"{""lat"": 14.545239, ""lon"": -90.437919, ""gps_time"": ""2026-04-24T21:51:31Z""}"
39288,2026-04-24T21:52:01Z,B1,GPS_UPDATE,"{""lat"": 14.545233, ""lon"": -90.437915, ""gps_time"": ""2026-04-24T21:52:01Z""}"
39289,2026-04-24T21:52:15Z,S1,STATION_HEARTBEAT,"{""dock_occupied"": 1, ""power_connected"": true}"
39290,2026-04-24T21:52:31Z,B1,GPS_UPDATE,"{""lat"": 14.545224, ""lon"": -90.437905, ""gps_time"": ""2026-04-24T21:52:31Z""}"
39291,2026-04-24T21:53:01Z,B1,GPS_UPDATE,"{""lat"": 14.545237, ""lon"": -90.437941, ""gps_time"": ""2026-04-24T21:53:01Z""}"
39292,2026-04-24T21:53:31Z,B1,GPS_UPDATE,"{""lat"": 14.545206, ""lon"": -90.437893, ""gps_time"": ""2026-04-24T21:53:31Z""}"
39293,2026-04-24T21:54:01Z,B1,GPS_UPDATE,"{""lat"": 14.545205, ""lon"": -90.43787, ""gps_time"": ""2026-04-24T21:54:01Z""}"
39294,2026-04-24T21:54:31Z,B1,GPS_UPDATE,"{""lat"": 14.545211, ""lon"": -90.437885, ""gps_time"": ""2026-04-24T21:54:31Z""}"
39295,2026-04-24T21:54:44Z,S1,STATION_HEARTBEAT,"{""dock_occupied"": 1, ""power_connected"": true}"
39296,2026-04-24T21:54:49Z,S1,STATION_HEARTBEAT,"{""dock_occupied"": 1, ""power_connected"": true}"
39297,2026-04-24T21:55:01Z,B1,GPS_UPDATE,"{""lat"": 14.545212, ""lon"": -90.437889, ""gps_time"": ""2026-04-24T21:55:01Z""}"
39298,2026-04-24T21:55:24Z,S1,STATION_HEARTBEAT,"{""dock_occupied"": 1, ""power_connected"": true}"
39299,2026-04-24T21:55:29Z,S1,STATION_HEARTBEAT,"{""dock_occupied"": 1, ""power_connected"": true}"
39300,2026-04-24T21:55:31Z,B1,GPS_UPDATE,"{""lat"": 14.545202, ""lon"": -90.437896, ""gps_time"": ""2026-04-24T21:55:31Z""}"
39301,2026-04-24T21:55:34Z,S1,STATION_HEARTBEAT,"{""dock_occupied"": 1, ""power_connected"": true}"
39302,2026-04-24T21:55:39Z,S1,STATION_HEARTBEAT,"{""dock_occupied"": 1, ""power_connected"": true}"
39303,2026-04-24T21:55:44Z,S1,STATION_HEARTBEAT,"{""dock_occupied"": 1, ""power_connected"": true}"
39304,2026-04-24T21:55:49Z,S1,STATION_HEARTBEAT,"{""dock_occupied"": 1, ""power_connected"": true}"
39305,2026-04-24T21:55:54Z,S1,STATION_HEARTBEAT,"{""dock_occupied"": 1, ""power_connected"": true}"
39306,2026-04-24T21:55:59Z,S1,STATION_HEARTBEAT,"{""dock_occupied"": 1, ""power_connected"": true}"
39307,2026-04-24T21:56:01Z,B1,GPS_UPDATE,"{""lat"": 14.54521, ""lon"": -90.437879, ""gps_time"": ""2026-04-24T21:56:01Z""}"
39308,2026-04-24T21:56:04Z,S1,STATION_HEARTBEAT,"{""dock_occupied"": 1, ""power_connected"": true}"
39309,2026-04-24T21:56:09Z,S1,STATION_HEARTBEAT,"{""dock_occupied"": 1, ""power_connected"": true}"
39310,2026-04-24T21:56:14Z,S1,STATION_HEARTBEAT,"{""dock_occupied"": 1, ""power_connected"": true}"
39311,2026-04-24T21:56:19Z,S1,STATION_HEARTBEAT,"{""dock_occupied"": 1, ""power_connected"": true}"
39312,2026-04-24T21:56:30Z,S1,STATION_HEARTBEAT,"{""dock_occupied"": 1, ""power_connected"": true}"
39313,2026-04-24T21:56:31Z,B1,GPS_UPDATE,"{""lat"": 14.545227, ""lon"": -90.437865, ""gps_time"": ""2026-04-24T21:56:31Z""}"
39314,2026-04-24T21:56:35Z,S1,STATION_HEARTBEAT,"{""dock_occupied"": 1, ""power_connected"": true}"
39315,2026-04-24T21:56:40Z,S1,STATION_HEARTBEAT,"{""dock_occupied"": 1, ""power_connected"": true}"
39316,2026-04-24T21:56:45Z,S1,STATION_HEARTBEAT,"{""dock_occupied"": 1, ""power_connected"": true}"
39317,2026-04-24T21:56:55Z,S1,STATION_HEARTBEAT,"{""dock_occupied"": 1, ""power_connected"": true}"
39318,2026-04-24T21:57:00Z,S1,RENTAL_REQUEST_DENIED,"{""user_id"": ""U1"", ""bike_id"": ""B1"", ""reason"": ""insufficient_balance""}"
39319,2026-04-24T21:57:05Z,S1,STATION_HEARTBEAT,"{""dock_occupied"": 1, ""power_connected"": true}"
39320,2026-04-24T21:57:10Z,S1,STATION_HEARTBEAT,"{""dock_occupied"": 1, ""power_connected"": true}"
39321,2026-04-24T21:57:15Z,S1,STATION_HEARTBEAT,"{""dock_occupied"": 1, ""power_connected"": true}"
39322,2026-04-24T21:57:20Z,S1,STATION_HEARTBEAT,"{""dock_occupied"": 1, ""power_connected"": true}"
39323,2026-04-24T21:57:23Z,U1,TOPUP,"{""user_id"": ""U1"", ""code"": ""7XHRHUKN"", ""amount"": 1600.0, ""new_balance"": 60.15000000000009}"
39324,2026-04-24T21:57:25Z,S1,STATION_HEARTBEAT,"{""dock_occupied"": 1, ""power_connected"": true}"
39325,2026-04-24T21:57:30Z,S1,STATION_HEARTBEAT,"{""dock_occupied"": 1, ""power_connected"": true}"
39326,2026-04-24T21:57:31Z,B1,GPS_UPDATE,"{""lat"": 14.545213, ""lon"": -90.437933, ""gps_time"": ""2026-04-24T21:57:31Z""}"
39327,2026-04-24T21:57:33Z,S1,RENTAL_STARTED,"{""rental_id"": ""c702584c-9293-4734-8647-d1d0df348ac9"", ""user_id"": ""U1"", ""bike_id"": ""B1"", ""start_station_id"": ""S1"", ""start_time"": ""2026-04-24T21:57:33Z""}"
39328,2026-04-24T21:57:35Z,S1,STATION_HEARTBEAT,"{""dock_occupied"": 1, ""power_connected"": true}"
39329,2026-04-24T21:57:40Z,S1,STATION_HEARTBEAT,"{""dock_occupied"": 1, ""power_connected"": true}"
39330,2026-04-24T21:57:45Z,S1,STATION_HEARTBEAT,"{""dock_occupied"": 1, ""power_connected"": true}"
39331,2026-04-24T21:57:50Z,S1,STATION_HEARTBEAT,"{""dock_occupied"": 1, ""power_connected"": true}"
39332,2026-04-24T21:57:55Z,S1,STATION_HEARTBEAT,"{""dock_occupied"": 1, ""power_connected"": true}"
39333,2026-04-24T21:58:00Z,S1,STATION_HEARTBEAT,"{""dock_occupied"": 1, ""power_connected"": true}"
39335,2026-04-24T21:58:01Z,B1,GPS_UPDATE,"{""lat"": 14.545218, ""lon"": -90.437947, ""gps_time"": ""2026-04-24T21:58:01Z""}"
39334,2026-04-24T21:58:01Z,B1,GEOFENCE_BREACH,"{""lat"": 14.545218, ""lon"": -90.437947, ""dist_m"": 9956.3, ""rental_id"": ""c702584c-9293-4734-8647-d1d0df348ac9""}"
39336,2026-04-24T21:58:05Z,S1,STATION_HEARTBEAT,"{""dock_occupied"": 1, ""power_connected"": true}"
39337,2026-04-24T21:58:10Z,S1,STATION_HEARTBEAT,"{""dock_occupied"": 1, ""power_connected"": true}"
39338,2026-04-24T21:58:15Z,S1,STATION_HEARTBEAT,"{""dock_occupied"": 1, ""power_connected"": true}"
39339,2026-04-24T21:58:31Z,B1,GPS_UPDATE,"{""lat"": 14.54526, ""lon"": -90.437985, ""gps_time"": ""2026-04-24T21:58:31Z""}"
39340,2026-04-24T21:59:01Z,B1,GPS_UPDATE,"{""lat"": 14.545258, ""lon"": -90.437949, ""gps_time"": ""2026-04-24T21:59:01Z""}"
39341,2026-04-24T21:59:11Z,S1,STATION_HEARTBEAT,"{""dock_occupied"": 1, ""power_connected"": true}"
39342,2026-04-24T21:59:16Z,S1,STATION_HEARTBEAT,"{""dock_occupied"": 1, ""power_connected"": true}"
39343,2026-04-24T21:59:21Z,S1,STATION_HEARTBEAT,"{""dock_occupied"": 1, ""power_connected"": true}"
39344,2026-04-24T21:59:26Z,S1,STATION_HEARTBEAT,"{""dock_occupied"": 1, ""power_connected"": true}"
39345,2026-04-24T21:59:31Z,B1,GPS_UPDATE,"{""lat"": 14.545253, ""lon"": -90.437953, ""gps_time"": ""2026-04-24T21:59:31Z""}"
39346,2026-04-24T21:59:36Z,S1,STATION_HEARTBEAT,"{""dock_occupied"": 1, ""power_connected"": true}"
39347,2026-04-24T21:59:41Z,S1,STATION_HEARTBEAT,"{""dock_occupied"": 1, ""power_connected"": true}"
39348,2026-04-24T21:59:46Z,S1,STATION_HEARTBEAT,"{""dock_occupied"": 1, ""power_connected"": true}"
39349,2026-04-24T21:59:51Z,S1,STATION_HEARTBEAT,"{""dock_occupied"": 1, ""power_connected"": true}"
39350,2026-04-24T21:59:56Z,S1,STATION_HEARTBEAT,"{""dock_occupied"": 1, ""power_connected"": true}"
39351,2026-04-24T22:00:01Z,B1,GPS_UPDATE,"{""lat"": 14.545246, ""lon"": -90.437961, ""gps_time"": ""2026-04-24T22:00:01Z""}"
39352,2026-04-24T22:00:06Z,S1,STATION_HEARTBEAT,"{""dock_occupied"": 1, ""power_connected"": true}"
39353,2026-04-24T22:00:11Z,S1,STATION_HEARTBEAT,"{""dock_occupied"": 1, ""power_connected"": true}"
39354,2026-04-24T22:00:16Z,S1,STATION_HEARTBEAT,"{""dock_occupied"": 1, ""power_connected"": true}"
39355,2026-04-24T22:00:21Z,S1,STATION_HEARTBEAT,"{""dock_occupied"": 1, ""power_connected"": true}"
39356,2026-04-24T22:00:26Z,S1,STATION_HEARTBEAT,"{""dock_occupied"": 1, ""power_connected"": true}"
39357,2026-04-24T22:00:31Z,B1,GPS_UPDATE,"{""lat"": 14.545229, ""lon"": -90.437923, ""gps_time"": ""2026-04-24T22:00:31Z""}"
39358,2026-04-24T22:00:36Z,S1,STATION_HEARTBEAT,"{""dock_occupied"": 1, ""power_connected"": true}"
39359,2026-04-24T22:00:41Z,S1,STATION_HEARTBEAT,"{""dock_occupied"": 1, ""power_connected"": true}"
39360,2026-04-24T22:00:46Z,S1,STATION_HEARTBEAT,"{""dock_occupied"": 1, ""power_connected"": true}"
39361,2026-04-24T22:00:51Z,S1,STATION_HEARTBEAT,"{""dock_occupied"": 1, ""power_connected"": true}"
39362,2026-04-24T22:00:56Z,S1,STATION_HEARTBEAT,"{""dock_occupied"": 1, ""power_connected"": true}"
39363,2026-04-24T22:01:01Z,B1,GPS_UPDATE,"{""lat"": 14.545228, ""lon"": -90.437905, ""gps_time"": ""2026-04-24T22:01:01Z""}"
39364,2026-04-24T22:01:06Z,S1,STATION_HEARTBEAT,"{""dock_occupied"": 1, ""power_connected"": true}"
39365,2026-04-24T22:01:11Z,S1,STATION_HEARTBEAT,"{""dock_occupied"": 1, ""power_connected"": true}"
39366,2026-04-24T22:01:16Z,S1,STATION_HEARTBEAT,"{""dock_occupied"": 1, ""power_connected"": true}"
39367,2026-04-24T22:01:21Z,S1,STATION_HEARTBEAT,"{""dock_occupied"": 1, ""power_connected"": true}"
39368,2026-04-24T22:01:26Z,S1,STATION_HEARTBEAT,"{""dock_occupied"": 1, ""power_connected"": true}"
39369,2026-04-24T22:01:31Z,B1,GPS_UPDATE,"{""lat"": 14.545265, ""lon"": -90.438003, ""gps_time"": ""2026-04-24T22:01:31Z""}"
39370,2026-04-24T22:01:36Z,S1,STATION_HEARTBEAT,"{""dock_occupied"": 1, ""power_connected"": true}"
39371,2026-04-24T22:01:41Z,S1,STATION_HEARTBEAT,"{""dock_occupied"": 1, ""power_connected"": true}"
39372,2026-04-24T22:01:46Z,S1,STATION_HEARTBEAT,"{""dock_occupied"": 1, ""power_connected"": true}"
39373,2026-04-24T22:01:51Z,S1,STATION_HEARTBEAT,"{""dock_occupied"": 1, ""power_connected"": true}"
39374,2026-04-24T22:01:56Z,S1,STATION_HEARTBEAT,"{""dock_occupied"": 1, ""power_connected"": true}"
39375,2026-04-24T22:02:01Z,B1,GPS_UPDATE,"{""lat"": 14.545258, ""lon"": -90.437996, ""gps_time"": ""2026-04-24T22:02:01Z""}"
39376,2026-04-24T22:02:06Z,S1,STATION_HEARTBEAT,"{""dock_occupied"": 1, ""power_connected"": true}"
39377,2026-04-24T22:02:11Z,S1,STATION_HEARTBEAT,"{""dock_occupied"": 1, ""power_connected"": true}"
39378,2026-04-24T22:02:16Z,S1,STATION_HEARTBEAT,"{""dock_occupied"": 1, ""power_connected"": true}"
39379,2026-04-24T22:02:26Z,S1,STATION_HEARTBEAT,"{""dock_occupied"": 1, ""power_connected"": true}"
39380,2026-04-24T22:02:31Z,B1,GPS_UPDATE,"{""lat"": 14.545247, ""lon"": -90.437969, ""gps_time"": ""2026-04-24T22:02:31Z""}"
39381,2026-04-24T22:02:36Z,S1,STATION_HEARTBEAT,"{""dock_occupied"": 1, ""power_connected"": true}"
39382,2026-04-24T22:02:41Z,S1,STATION_HEARTBEAT,"{""dock_occupied"": 1, ""power_connected"": true}"
39383,2026-04-24T22:02:46Z,S1,STATION_HEARTBEAT,"{""dock_occupied"": 1, ""power_connected"": true}"
39384,2026-04-24T22:02:51Z,S1,STATION_HEARTBEAT,"{""dock_occupied"": 1, ""power_connected"": true}"
39385,2026-04-24T22:02:56Z,S1,STATION_HEARTBEAT,"{""dock_occupied"": 1, ""power_connected"": true}"
39386,2026-04-24T22:03:01Z,B1,GPS_UPDATE,"{""lat"": 14.545241, ""lon"": -90.437951, ""gps_time"": ""2026-04-24T22:03:01Z""}"
39387,2026-04-24T22:03:06Z,S1,STATION_HEARTBEAT,"{""dock_occupied"": 1, ""power_connected"": true}"
39388,2026-04-24T22:03:11Z,S1,STATION_HEARTBEAT,"{""dock_occupied"": 1, ""power_connected"": true}"
39389,2026-04-24T22:03:16Z,S1,STATION_HEARTBEAT,"{""dock_occupied"": 1, ""power_connected"": true}"
39390,2026-04-24T22:03:21Z,S1,STATION_HEARTBEAT,"{""dock_occupied"": 1, ""power_connected"": true}"
39391,2026-04-24T22:03:26Z,S1,STATION_HEARTBEAT,"{""dock_occupied"": 1, ""power_connected"": true}"
39392,2026-04-24T22:03:31Z,B1,GPS_UPDATE,"{""lat"": 14.545225, ""lon"": -90.437903, ""gps_time"": ""2026-04-24T22:03:31Z""}"
39393,2026-04-24T22:03:36Z,S1,STATION_HEARTBEAT,"{""dock_occupied"": 1, ""power_connected"": true}"
39394,2026-04-24T22:03:41Z,S1,STATION_HEARTBEAT,"{""dock_occupied"": 1, ""power_connected"": true}"
39395,2026-04-24T22:03:46Z,S1,STATION_HEARTBEAT,"{""dock_occupied"": 1, ""power_connected"": true}"
39396,2026-04-24T22:03:51Z,S1,STATION_HEARTBEAT,"{""dock_occupied"": 1, ""power_connected"": true}"
39397,2026-04-24T22:03:56Z,S1,STATION_HEARTBEAT,"{""dock_occupied"": 1, ""power_connected"": true}"
39398,2026-04-24T22:04:01Z,B1,GPS_UPDATE,"{""lat"": 14.545215, ""lon"": -90.437868, ""gps_time"": ""2026-04-24T22:04:01Z""}"
39399,2026-04-24T22:04:06Z,S1,STATION_HEARTBEAT,"{""dock_occupied"": 1, ""power_connected"": true}"
39400,2026-04-24T22:04:11Z,S1,STATION_HEARTBEAT,"{""dock_occupied"": 1, ""power_connected"": true}"
39401,2026-04-24T22:04:16Z,S1,STATION_HEARTBEAT,"{""dock_occupied"": 1, ""power_connected"": true}"
39402,2026-04-24T22:04:21Z,S1,STATION_HEARTBEAT,"{""dock_occupied"": 1, ""power_connected"": true}"
39403,2026-04-24T22:04:26Z,S1,STATION_HEARTBEAT,"{""dock_occupied"": 1, ""power_connected"": true}"
39404,2026-04-24T22:04:31Z,B1,GPS_UPDATE,"{""lat"": 14.545236, ""lon"": -90.437924, ""gps_time"": ""2026-04-24T22:04:31Z""}"
39405,2026-04-24T22:04:36Z,S1,STATION_HEARTBEAT,"{""dock_occupied"": 1, ""power_connected"": true}"
39406,2026-04-24T22:04:41Z,S1,STATION_HEARTBEAT,"{""dock_occupied"": 1, ""power_connected"": true}"
39407,2026-04-24T22:04:46Z,S1,STATION_HEARTBEAT,"{""dock_occupied"": 1, ""power_connected"": true}"
39408,2026-04-24T22:04:51Z,S1,STATION_HEARTBEAT,"{""dock_occupied"": 1, ""power_connected"": true}"
39409,2026-04-24T22:05:01Z,B1,GPS_UPDATE,"{""lat"": 14.545225, ""lon"": -90.437932, ""gps_time"": ""2026-04-24T22:05:01Z""}"
39410,2026-04-24T22:05:10Z,S1,STATION_HEARTBEAT,"{""dock_occupied"": 1, ""power_connected"": true}"
39411,2026-04-24T22:05:15Z,S1,STATION_HEARTBEAT,"{""dock_occupied"": 1, ""power_connected"": true}"
39412,2026-04-24T22:05:20Z,S1,STATION_HEARTBEAT,"{""dock_occupied"": 1, ""power_connected"": true}"
39413,2026-04-24T22:05:25Z,S1,STATION_HEARTBEAT,"{""dock_occupied"": 1, ""power_connected"": true}"
39414,2026-04-24T22:05:30Z,S1,STATION_HEARTBEAT,"{""dock_occupied"": 1, ""power_connected"": true}"
39415,2026-04-24T22:05:31Z,B1,GPS_UPDATE,"{""lat"": 14.545198, ""lon"": -90.437892, ""gps_time"": ""2026-04-24T22:05:31Z""}"
39416,2026-04-24T22:05:35Z,S1,STATION_HEARTBEAT,"{""dock_occupied"": 1, ""power_connected"": true}"
39417,2026-04-24T22:05:40Z,S1,STATION_HEARTBEAT,"{""dock_occupied"": 1, ""power_connected"": true}"
39418,2026-04-24T22:05:45Z,S1,STATION_HEARTBEAT,"{""dock_occupied"": 1, ""power_connected"": true}"
39419,2026-04-24T22:05:50Z,S1,STATION_HEARTBEAT,"{""dock_occupied"": 1, ""power_connected"": true}"
39420,2026-04-24T22:05:55Z,S1,STATION_HEARTBEAT,"{""dock_occupied"": 1, ""power_connected"": true}"
39421,2026-04-24T22:06:00Z,S1,STATION_HEARTBEAT,"{""dock_occupied"": 1, ""power_connected"": true}"
39422,2026-04-24T22:06:01Z,B1,GPS_UPDATE,"{""lat"": 14.545196, ""lon"": -90.437911, ""gps_time"": ""2026-04-24T22:06:01Z""}"
39423,2026-04-24T22:06:05Z,S1,STATION_HEARTBEAT,"{""dock_occupied"": 1, ""power_connected"": true}"
39424,2026-04-24T22:06:10Z,S1,STATION_HEARTBEAT,"{""dock_occupied"": 1, ""power_connected"": true}"
39425,2026-04-24T22:06:15Z,S1,STATION_HEARTBEAT,"{""dock_occupied"": 1, ""power_connected"": true}"
39426,2026-04-24T22:06:31Z,B1,GPS_UPDATE,"{""lat"": 14.545215, ""lon"": -90.437892, ""gps_time"": ""2026-04-24T22:06:31Z""}"
39427,2026-04-24T22:07:01Z,B1,GPS_UPDATE,"{""lat"": 14.545207, ""lon"": -90.437865, ""gps_time"": ""2026-04-24T22:07:01Z""}"
39428,2026-04-24T22:07:31Z,B1,GPS_UPDATE,"{""lat"": 14.545179, ""lon"": -90.437844, ""gps_time"": ""2026-04-24T22:07:31Z""}"
39429,2026-04-24T22:08:01Z,B1,GPS_UPDATE,"{""lat"": 14.545191, ""lon"": -90.437806, ""gps_time"": ""2026-04-24T22:08:01Z""}"
39430,2026-04-24T22:08:02Z,S1,STATION_HEARTBEAT,"{""dock_occupied"": 1, ""power_connected"": true}"
39431,2026-04-24T22:08:07Z,S1,STATION_HEARTBEAT,"{""dock_occupied"": 1, ""power_connected"": true}"
39432,2026-04-24T22:08:12Z,S1,STATION_HEARTBEAT,"{""dock_occupied"": 1, ""power_connected"": true}"
39433,2026-04-24T22:08:17Z,S1,STATION_HEARTBEAT,"{""dock_occupied"": 1, ""power_connected"": true}"
39434,2026-04-24T22:08:22Z,S1,STATION_HEARTBEAT,"{""dock_occupied"": 1, ""power_connected"": true}"
39435,2026-04-24T22:08:27Z,S1,STATION_HEARTBEAT,"{""dock_occupied"": 1, ""power_connected"": true}"
39436,2026-04-24T22:08:29Z,S1,STATION_HEARTBEAT,"{""dock_occupied"": 1, ""power_connected"": true}"
39437,2026-04-24T22:08:31Z,B1,GPS_UPDATE,"{""lat"": 14.545194, ""lon"": -90.437825, ""gps_time"": ""2026-04-24T22:08:31Z""}"
39438,2026-04-24T22:08:32Z,S1,STATION_HEARTBEAT,"{""dock_occupied"": 1, ""power_connected"": true}"
39439,2026-04-24T22:08:37Z,S1,STATION_HEARTBEAT,"{""dock_occupied"": 1, ""power_connected"": true}"
39440,2026-04-24T22:08:47Z,S1,STATION_HEARTBEAT,"{""dock_occupied"": 1, ""power_connected"": true}"
39441,2026-04-24T22:08:52Z,S1,STATION_HEARTBEAT,"{""dock_occupied"": 1, ""power_connected"": true}"
39442,2026-04-24T22:08:57Z,S1,STATION_HEARTBEAT,"{""dock_occupied"": 1, ""power_connected"": true}"
39443,2026-04-24T22:09:01Z,B1,GPS_UPDATE,"{""lat"": 14.545205, ""lon"": -90.437905, ""gps_time"": ""2026-04-24T22:09:01Z""}"
39444,2026-04-24T22:09:02Z,S1,STATION_HEARTBEAT,"{""dock_occupied"": 1, ""power_connected"": true}"
39445,2026-04-24T22:09:07Z,S1,STATION_HEARTBEAT,"{""dock_occupied"": 1, ""power_connected"": true}"
39446,2026-04-24T22:09:12Z,S1,STATION_HEARTBEAT,"{""dock_occupied"": 1, ""power_connected"": true}"
39447,2026-04-24T22:09:17Z,S1,STATION_HEARTBEAT,"{""dock_occupied"": 1, ""power_connected"": true}"
39448,2026-04-24T22:09:22Z,S1,STATION_HEARTBEAT,"{""dock_occupied"": 1, ""power_connected"": true}"
39449,2026-04-24T22:09:27Z,S1,STATION_HEARTBEAT,"{""dock_occupied"": 1, ""power_connected"": true}"
39450,2026-04-24T22:09:31Z,B1,GPS_UPDATE,"{""lat"": 14.545221, ""lon"": -90.437918, ""gps_time"": ""2026-04-24T22:09:31Z""}"
39451,2026-04-24T22:09:32Z,S1,STATION_HEARTBEAT,"{""dock_occupied"": 1, ""power_connected"": true}"
39452,2026-04-24T22:09:37Z,S1,STATION_HEARTBEAT,"{""dock_occupied"": 1, ""power_connected"": true}"
39453,2026-04-24T22:09:42Z,S1,STATION_HEARTBEAT,"{""dock_occupied"": 1, ""power_connected"": true}"
39454,2026-04-24T22:09:47Z,S1,STATION_HEARTBEAT,"{""dock_occupied"": 1, ""power_connected"": true}"
39455,2026-04-24T22:09:52Z,S1,STATION_HEARTBEAT,"{""dock_occupied"": 1, ""power_connected"": true}"
39456,2026-04-24T22:09:57Z,S1,STATION_HEARTBEAT,"{""dock_occupied"": 1, ""power_connected"": true}"
39457,2026-04-24T22:10:01Z,B1,GPS_UPDATE,"{""lat"": 14.54523, ""lon"": -90.437921, ""gps_time"": ""2026-04-24T22:10:01Z""}"
39458,2026-04-24T22:10:02Z,S1,STATION_HEARTBEAT,"{""dock_occupied"": 1, ""power_connected"": true}"
39459,2026-04-24T22:10:07Z,S1,STATION_HEARTBEAT,"{""dock_occupied"": 1, ""power_connected"": true}"
39460,2026-04-24T22:10:12Z,S1,STATION_HEARTBEAT,"{""dock_occupied"": 1, ""power_connected"": true}"
39461,2026-04-24T22:10:17Z,S1,STATION_HEARTBEAT,"{""dock_occupied"": 1, ""power_connected"": true}"
39462,2026-04-24T22:10:22Z,S1,STATION_HEARTBEAT,"{""dock_occupied"": 1, ""power_connected"": true}"
39463,2026-04-24T22:10:27Z,S1,STATION_HEARTBEAT,"{""dock_occupied"": 1, ""power_connected"": true}"
39464,2026-04-24T22:10:31Z,B1,GPS_UPDATE,"{""lat"": 14.54523, ""lon"": -90.437921, ""gps_time"": ""2026-04-24T22:10:31Z""}"
39465,2026-04-24T22:10:32Z,S1,STATION_HEARTBEAT,"{""dock_occupied"": 1, ""power_connected"": true}"
39466,2026-04-24T22:10:37Z,S1,STATION_HEARTBEAT,"{""dock_occupied"": 1, ""power_connected"": true}"
39467,2026-04-24T22:10:42Z,S1,STATION_HEARTBEAT,"{""dock_occupied"": 1, ""power_connected"": true}"
39468,2026-04-24T22:10:47Z,S1,STATION_HEARTBEAT,"{""dock_occupied"": 1, ""power_connected"": true}"
39469,2026-04-24T22:10:52Z,S1,STATION_HEARTBEAT,"{""dock_occupied"": 1, ""power_connected"": true}"
39470,2026-04-24T22:10:57Z,S1,STATION_HEARTBEAT,"{""dock_occupied"": 1, ""power_connected"": true}"
39471,2026-04-24T22:11:01Z,B1,GPS_UPDATE,"{""lat"": 14.545242, ""lon"": -90.437967, ""gps_time"": ""2026-04-24T22:11:01Z""}"
39472,2026-04-24T22:11:02Z,S1,STATION_HEARTBEAT,"{""dock_occupied"": 1, ""power_connected"": true}"
39473,2026-04-24T22:11:07Z,S1,STATION_HEARTBEAT,"{""dock_occupied"": 1, ""power_connected"": true}"
39474,2026-04-24T22:11:22Z,S1,STATION_HEARTBEAT,"{""dock_occupied"": 1, ""power_connected"": true}"
39475,2026-04-24T22:11:31Z,B1,GPS_UPDATE,"{""lat"": 14.545156, ""lon"": -90.437852, ""gps_time"": ""2026-04-24T22:11:31Z""}"
39476,2026-04-24T22:11:32Z,S1,STATION_HEARTBEAT,"{""dock_occupied"": 1, ""power_connected"": true}"
39477,2026-04-24T22:11:37Z,S1,STATION_HEARTBEAT,"{""dock_occupied"": 1, ""power_connected"": true}"
39478,2026-04-24T22:11:42Z,S1,STATION_HEARTBEAT,"{""dock_occupied"": 1, ""power_connected"": true}"
39479,2026-04-24T22:11:47Z,S1,STATION_HEARTBEAT,"{""dock_occupied"": 1, ""power_connected"": true}"
39480,2026-04-24T22:11:52Z,S1,STATION_HEARTBEAT,"{""dock_occupied"": 1, ""power_connected"": true}"
39481,2026-04-24T22:11:57Z,S1,STATION_HEARTBEAT,"{""dock_occupied"": 1, ""power_connected"": true}"
39482,2026-04-24T22:12:01Z,B1,GPS_UPDATE,"{""lat"": 14.545146, ""lon"": -90.437816, ""gps_time"": ""2026-04-24T22:12:01Z""}"
39483,2026-04-24T22:12:02Z,S1,STATION_HEARTBEAT,"{""dock_occupied"": 1, ""power_connected"": true}"
39484,2026-04-24T22:12:07Z,S1,STATION_HEARTBEAT,"{""dock_occupied"": 1, ""power_connected"": true}"
39485,2026-04-24T22:12:12Z,S1,STATION_HEARTBEAT,"{""dock_occupied"": 1, ""power_connected"": true}"
39486,2026-04-24T22:12:17Z,S1,STATION_HEARTBEAT,"{""dock_occupied"": 1, ""power_connected"": true}"
39487,2026-04-24T22:12:22Z,S1,STATION_HEARTBEAT,"{""dock_occupied"": 1, ""power_connected"": true}"
39488,2026-04-24T22:12:27Z,S1,STATION_HEARTBEAT,"{""dock_occupied"": 1, ""power_connected"": true}"
39489,2026-04-24T22:12:31Z,B1,GPS_UPDATE,"{""lat"": 14.545161, ""lon"": -90.437888, ""gps_time"": ""2026-04-24T22:12:31Z""}"
39490,2026-04-24T22:12:32Z,S1,STATION_HEARTBEAT,"{""dock_occupied"": 1, ""power_connected"": true}"
39491,2026-04-24T22:12:37Z,S1,STATION_HEARTBEAT,"{""dock_occupied"": 1, ""power_connected"": true}"
39492,2026-04-24T22:12:42Z,S1,STATION_HEARTBEAT,"{""dock_occupied"": 1, ""power_connected"": true}"
39493,2026-04-24T22:12:47Z,S1,STATION_HEARTBEAT,"{""dock_occupied"": 1, ""power_connected"": true}"
39494,2026-04-24T22:12:52Z,S1,STATION_HEARTBEAT,"{""dock_occupied"": 1, ""power_connected"": true}"
39495,2026-04-24T22:12:57Z,S1,STATION_HEARTBEAT,"{""dock_occupied"": 1, ""power_connected"": true}"
39496,2026-04-24T22:13:01Z,B1,GPS_UPDATE,"{""lat"": 14.545209, ""lon"": -90.437874, ""gps_time"": ""2026-04-24T22:13:01Z""}"
39497,2026-04-24T22:13:02Z,S1,STATION_HEARTBEAT,"{""dock_occupied"": 1, ""power_connected"": true}"
39498,2026-04-24T22:13:07Z,S1,STATION_HEARTBEAT,"{""dock_occupied"": 1, ""power_connected"": true}"
39499,2026-04-24T22:13:12Z,S1,STATION_HEARTBEAT,"{""dock_occupied"": 1, ""power_connected"": true}"
39500,2026-04-24T22:13:17Z,S1,STATION_HEARTBEAT,"{""dock_occupied"": 1, ""power_connected"": true}"
39501,2026-04-24T22:13:22Z,S1,STATION_HEARTBEAT,"{""dock_occupied"": 1, ""power_connected"": true}"
39502,2026-04-24T22:13:27Z,S1,STATION_HEARTBEAT,"{""dock_occupied"": 1, ""power_connected"": true}"
39503,2026-04-24T22:13:31Z,B1,GPS_UPDATE,"{""lat"": 14.545227, ""lon"": -90.437875, ""gps_time"": ""2026-04-24T22:13:31Z""}"
39504,2026-04-24T22:13:32Z,S1,STATION_HEARTBEAT,"{""dock_occupied"": 1, ""power_connected"": true}"
39505,2026-04-24T22:13:37Z,S1,STATION_HEARTBEAT,"{""dock_occupied"": 1, ""power_connected"": true}"
39506,2026-04-24T22:13:42Z,S1,STATION_HEARTBEAT,"{""dock_occupied"": 1, ""power_connected"": true}"
39507,2026-04-24T22:13:47Z,S1,STATION_HEARTBEAT,"{""dock_occupied"": 1, ""power_connected"": true}"
39508,2026-04-24T22:13:52Z,S1,STATION_HEARTBEAT,"{""dock_occupied"": 1, ""power_connected"": true}"
39509,2026-04-24T22:13:57Z,S1,STATION_HEARTBEAT,"{""dock_occupied"": 1, ""power_connected"": true}"
39510,2026-04-24T22:14:01Z,B1,GPS_UPDATE,"{""lat"": 14.545217, ""lon"": -90.437833, ""gps_time"": ""2026-04-24T22:14:01Z""}"
39511,2026-04-24T22:14:02Z,S1,STATION_HEARTBEAT,"{""dock_occupied"": 1, ""power_connected"": true}"
39512,2026-04-24T22:14:07Z,S1,STATION_HEARTBEAT,"{""dock_occupied"": 1, ""power_connected"": true}"
39513,2026-04-24T22:14:12Z,S1,STATION_HEARTBEAT,"{""dock_occupied"": 1, ""power_connected"": true}"
39514,2026-04-24T22:14:17Z,S1,STATION_HEARTBEAT,"{""dock_occupied"": 1, ""power_connected"": true}"
39515,2026-04-24T22:14:22Z,S1,STATION_HEARTBEAT,"{""dock_occupied"": 1, ""power_connected"": true}"
39516,2026-04-24T22:14:27Z,S1,STATION_HEARTBEAT,"{""dock_occupied"": 1, ""power_connected"": true}"
39517,2026-04-24T22:14:31Z,B1,GPS_UPDATE,"{""lat"": 14.545244, ""lon"": -90.437819, ""gps_time"": ""2026-04-24T22:14:31Z""}"
39518,2026-04-24T22:14:32Z,S1,STATION_HEARTBEAT,"{""dock_occupied"": 1, ""power_connected"": true}"
39519,2026-04-24T22:14:37Z,S1,STATION_HEARTBEAT,"{""dock_occupied"": 1, ""power_connected"": true}"
39520,2026-04-24T22:14:42Z,S1,STATION_HEARTBEAT,"{""dock_occupied"": 1, ""power_connected"": true}"
39521,2026-04-24T22:14:47Z,S1,STATION_HEARTBEAT,"{""dock_occupied"": 1, ""power_connected"": true}"
39522,2026-04-24T22:14:52Z,S1,STATION_HEARTBEAT,"{""dock_occupied"": 1, ""power_connected"": true}"
39523,2026-04-24T22:14:57Z,S1,STATION_HEARTBEAT,"{""dock_occupied"": 1, ""power_connected"": true}"
39524,2026-04-24T22:15:01Z,B1,GPS_UPDATE,"{""lat"": 14.545213, ""lon"": -90.437876, ""gps_time"": ""2026-04-24T22:15:01Z""}"
39525,2026-04-24T22:15:02Z,S1,STATION_HEARTBEAT,"{""dock_occupied"": 1, ""power_connected"": true}"
39526,2026-04-24T22:15:07Z,S1,STATION_HEARTBEAT,"{""dock_occupied"": 1, ""power_connected"": true}"
39527,2026-04-24T22:15:12Z,S1,STATION_HEARTBEAT,"{""dock_occupied"": 1, ""power_connected"": true}"
39528,2026-04-24T22:15:17Z,S1,STATION_HEARTBEAT,"{""dock_occupied"": 1, ""power_connected"": true}"
39529,2026-04-24T22:15:22Z,S1,STATION_HEARTBEAT,"{""dock_occupied"": 1, ""power_connected"": true}"
39530,2026-04-24T22:15:27Z,S1,STATION_HEARTBEAT,"{""dock_occupied"": 1, ""power_connected"": true}"
39531,2026-04-24T22:15:31Z,B1,GPS_UPDATE,"{""lat"": 14.545206, ""lon"": -90.437928, ""gps_time"": ""2026-04-24T22:15:31Z""}"
39532,2026-04-24T22:15:32Z,S1,STATION_HEARTBEAT,"{""dock_occupied"": 1, ""power_connected"": true}"
39533,2026-04-24T22:15:37Z,S1,STATION_HEARTBEAT,"{""dock_occupied"": 1, ""power_connected"": true}"
39534,2026-04-24T22:15:42Z,S1,STATION_HEARTBEAT,"{""dock_occupied"": 1, ""power_connected"": true}"
39535,2026-04-24T22:15:47Z,S1,STATION_HEARTBEAT,"{""dock_occupied"": 1, ""power_connected"": true}"
39536,2026-04-24T22:15:52Z,S1,STATION_HEARTBEAT,"{""dock_occupied"": 1, ""power_connected"": true}"
39537,2026-04-24T22:15:57Z,S1,STATION_HEARTBEAT,"{""dock_occupied"": 1, ""power_connected"": true}"
39538,2026-04-24T22:16:01Z,B1,GPS_UPDATE,"{""lat"": 14.545217, ""lon"": -90.437914, ""gps_time"": ""2026-04-24T22:16:01Z""}"
39539,2026-04-24T22:16:02Z,S1,STATION_HEARTBEAT,"{""dock_occupied"": 1, ""power_connected"": true}"
39540,2026-04-24T22:16:07Z,S1,STATION_HEARTBEAT,"{""dock_occupied"": 1, ""power_connected"": true}"
39541,2026-04-24T22:16:12Z,S1,STATION_HEARTBEAT,"{""dock_occupied"": 1, ""power_connected"": true}"
39542,2026-04-24T22:16:17Z,S1,STATION_HEARTBEAT,"{""dock_occupied"": 1, ""power_connected"": true}"
39543,2026-04-24T22:16:22Z,S1,STATION_HEARTBEAT,"{""dock_occupied"": 1, ""power_connected"": true}"
39544,2026-04-24T22:16:27Z,S1,STATION_HEARTBEAT,"{""dock_occupied"": 1, ""power_connected"": true}"
39545,2026-04-24T22:16:31Z,B1,GPS_UPDATE,"{""lat"": 14.545193, ""lon"": -90.437842, ""gps_time"": ""2026-04-24T22:16:31Z""}"
39546,2026-04-24T22:16:32Z,S1,STATION_HEARTBEAT,"{""dock_occupied"": 1, ""power_connected"": true}"
39547,2026-04-24T22:16:37Z,S1,STATION_HEARTBEAT,"{""dock_occupied"": 1, ""power_connected"": true}"
39548,2026-04-24T22:16:42Z,S1,STATION_HEARTBEAT,"{""dock_occupied"": 1, ""power_connected"": true}"
39549,2026-04-24T22:16:47Z,S1,STATION_HEARTBEAT,"{""dock_occupied"": 1, ""power_connected"": true}"
39550,2026-04-24T22:16:52Z,S1,STATION_HEARTBEAT,"{""dock_occupied"": 1, ""power_connected"": true}"
39551,2026-04-24T22:16:57Z,S1,STATION_HEARTBEAT,"{""dock_occupied"": 1, ""power_connected"": true}"
39552,2026-04-24T22:17:01Z,B1,GPS_UPDATE,"{""lat"": 14.545193, ""lon"": -90.437825, ""gps_time"": ""2026-04-24T22:17:01Z""}"
39553,2026-04-24T22:17:02Z,S1,STATION_HEARTBEAT,"{""dock_occupied"": 1, ""power_connected"": true}"
39554,2026-04-24T22:17:07Z,S1,STATION_HEARTBEAT,"{""dock_occupied"": 1, ""power_connected"": true}"
39555,2026-04-24T22:17:12Z,S1,STATION_HEARTBEAT,"{""dock_occupied"": 1, ""power_connected"": true}"
39556,2026-04-24T22:17:17Z,S1,STATION_HEARTBEAT,"{""dock_occupied"": 1, ""power_connected"": true}"
39557,2026-04-24T22:17:22Z,S1,STATION_HEARTBEAT,"{""dock_occupied"": 1, ""power_connected"": true}"
39558,2026-04-24T22:17:27Z,S1,STATION_HEARTBEAT,"{""dock_occupied"": 1, ""power_connected"": true}"
39559,2026-04-24T22:17:31Z,B1,GPS_UPDATE,"{""lat"": 14.545183, ""lon"": -90.437825, ""gps_time"": ""2026-04-24T22:17:31Z""}"
39560,2026-04-24T22:17:32Z,S1,STATION_HEARTBEAT,"{""dock_occupied"": 1, ""power_connected"": true}"
39561,2026-04-24T22:17:37Z,S1,STATION_HEARTBEAT,"{""dock_occupied"": 1, ""power_connected"": true}"
39562,2026-04-24T22:17:42Z,S1,STATION_HEARTBEAT,"{""dock_occupied"": 1, ""power_connected"": true}"
39563,2026-04-24T22:17:47Z,S1,STATION_HEARTBEAT,"{""dock_occupied"": 1, ""power_connected"": true}"
39564,2026-04-24T22:18:01Z,B1,GPS_UPDATE,"{""lat"": 14.545196, ""lon"": -90.437813, ""gps_time"": ""2026-04-24T22:18:01Z""}"
39565,2026-04-24T22:18:02Z,S1,STATION_HEARTBEAT,"{""dock_occupied"": 1, ""power_connected"": true}"
39566,2026-04-24T22:18:12Z,S1,STATION_HEARTBEAT,"{""dock_occupied"": 1, ""power_connected"": true}"
39567,2026-04-24T22:18:31Z,B1,GPS_UPDATE,"{""lat"": 14.545179, ""lon"": -90.437821, ""gps_time"": ""2026-04-24T22:18:31Z""}"
39568,2026-04-24T22:19:01Z,B1,GPS_UPDATE,"{""lat"": 14.54515, ""lon"": -90.437833, ""gps_time"": ""2026-04-24T22:19:01Z""}"
39569,2026-04-24T22:19:31Z,B1,GPS_UPDATE,"{""lat"": 14.545229, ""lon"": -90.437816, ""gps_time"": ""2026-04-24T22:19:31Z""}"
39570,2026-04-24T22:20:01Z,B1,GPS_UPDATE,"{""lat"": 14.54523, ""lon"": -90.437843, ""gps_time"": ""2026-04-24T22:20:01Z""}"
39571,2026-04-24T22:20:31Z,B1,GPS_UPDATE,"{""lat"": 14.545231, ""lon"": -90.437884, ""gps_time"": ""2026-04-24T22:20:31Z""}"
39572,2026-04-24T22:21:01Z,B1,GPS_UPDATE,"{""lat"": 14.545251, ""lon"": -90.437939, ""gps_time"": ""2026-04-24T22:21:01Z""}"
39573,2026-04-24T22:21:31Z,B1,GPS_UPDATE,"{""lat"": 14.54524, ""lon"": -90.437959, ""gps_time"": ""2026-04-24T22:21:31Z""}"
39574,2026-04-24T22:22:01Z,B1,GPS_UPDATE,"{""lat"": 14.545226, ""lon"": -90.437946, ""gps_time"": ""2026-04-24T22:22:01Z""}"
39575,2026-04-24T22:22:31Z,B1,GPS_UPDATE,"{""lat"": 14.545214, ""lon"": -90.437948, ""gps_time"": ""2026-04-24T22:22:31Z""}"
39576,2026-04-24T22:23:01Z,B1,GPS_UPDATE,"{""lat"": 14.545207, ""lon"": -90.437935, ""gps_time"": ""2026-04-24T22:23:01Z""}"
39577,2026-04-24T22:23:31Z,B1,GPS_UPDATE,"{""lat"": 14.5452, ""lon"": -90.437931, ""gps_time"": ""2026-04-24T22:23:31Z""}"
39578,2026-04-24T22:24:01Z,B1,GPS_UPDATE,"{""lat"": 14.545218, ""lon"": -90.437913, ""gps_time"": ""2026-04-24T22:24:01Z""}"
39579,2026-04-24T22:24:31Z,B1,GPS_UPDATE,"{""lat"": 14.545204, ""lon"": -90.437871, ""gps_time"": ""2026-04-24T22:24:31Z""}"
39580,2026-04-24T22:25:01Z,B1,GPS_UPDATE,"{""lat"": 14.545214, ""lon"": -90.437874, ""gps_time"": ""2026-04-24T22:25:01Z""}"
39581,2026-04-24T22:25:31Z,B1,GPS_UPDATE,"{""lat"": 14.545191, ""lon"": -90.437865, ""gps_time"": ""2026-04-24T22:25:31Z""}"
39582,2026-04-24T22:26:01Z,B1,GPS_UPDATE,"{""lat"": 14.545192, ""lon"": -90.437892, ""gps_time"": ""2026-04-24T22:26:01Z""}"
39583,2026-04-24T22:26:31Z,B1,GPS_UPDATE,"{""lat"": 14.545189, ""lon"": -90.437915, ""gps_time"": ""2026-04-24T22:26:31Z""}"
39584,2026-04-24T22:27:01Z,B1,GPS_UPDATE,"{""lat"": 14.545209, ""lon"": -90.437909, ""gps_time"": ""2026-04-24T22:27:01Z""}"
39585,2026-04-24T22:27:31Z,B1,GPS_UPDATE,"{""lat"": 14.545209, ""lon"": -90.4379, ""gps_time"": ""2026-04-24T22:27:31Z""}"
39586,2026-04-24T22:27:59Z,S1,STATION_HEARTBEAT,"{""dock_occupied"": 1, ""power_connected"": true}"
39587,2026-04-24T22:28:01Z,B1,GPS_UPDATE,"{""lat"": 14.545226, ""lon"": -90.437904, ""gps_time"": ""2026-04-24T22:28:01Z""}"
39588,2026-04-24T22:28:04Z,S1,STATION_HEARTBEAT,"{""dock_occupied"": 1, ""power_connected"": true}"
39589,2026-04-24T22:28:09Z,S1,STATION_HEARTBEAT,"{""dock_occupied"": 1, ""power_connected"": true}"
39590,2026-04-24T22:28:14Z,S1,STATION_HEARTBEAT,"{""dock_occupied"": 1, ""power_connected"": true}"
39591,2026-04-24T22:28:19Z,S1,STATION_HEARTBEAT,"{""dock_occupied"": 1, ""power_connected"": true}"
39592,2026-04-24T22:28:29Z,S1,STATION_HEARTBEAT,"{""dock_occupied"": 1, ""power_connected"": true}"
39593,2026-04-24T22:28:31Z,B1,GPS_UPDATE,"{""lat"": 14.545222, ""lon"": -90.437892, ""gps_time"": ""2026-04-24T22:28:31Z""}"
39594,2026-04-24T22:28:34Z,S1,STATION_HEARTBEAT,"{""dock_occupied"": 1, ""power_connected"": true}"
39596,2026-04-24T22:28:39Z,S1,STATION_HEARTBEAT,"{""dock_occupied"": 1, ""power_connected"": true}"
39595,2026-04-24T22:28:39Z,S1,RENTAL_REQUEST_DENIED,"{""user_id"": ""U1"", ""bike_id"": ""B1"", ""reason"": ""user_has_active_rental""}"
39597,2026-04-24T22:28:44Z,S1,STATION_HEARTBEAT,"{""dock_occupied"": 1, ""power_connected"": true}"
39598,2026-04-24T22:28:49Z,S1,STATION_HEARTBEAT,"{""dock_occupied"": 1, ""power_connected"": true}"
39599,2026-04-24T22:28:54Z,S1,STATION_HEARTBEAT,"{""dock_occupied"": 1, ""power_connected"": true}"
39600,2026-04-24T22:28:59Z,S1,STATION_HEARTBEAT,"{""dock_occupied"": 1, ""power_connected"": true}"
39601,2026-04-24T22:29:01Z,B1,GPS_UPDATE,"{""lat"": 14.545219, ""lon"": -90.437881, ""gps_time"": ""2026-04-24T22:29:01Z""}"
39602,2026-04-24T22:29:04Z,S1,STATION_HEARTBEAT,"{""dock_occupied"": 1, ""power_connected"": true}"
39604,2026-04-24T22:29:10Z,S1,STATION_HEARTBEAT,"{""dock_occupied"": 1, ""power_connected"": true}"
39603,2026-04-24T22:29:10Z,S1,RENTAL_REQUEST_DENIED,"{""user_id"": ""U1"", ""bike_id"": ""B1"", ""reason"": ""user_has_active_rental""}"
39605,2026-04-24T22:29:19Z,S1,STATION_HEARTBEAT,"{""dock_occupied"": 1, ""power_connected"": true}"
39607,2026-04-24T22:29:23Z,S1,RENTAL_COMPLETED,"{""rental_id"": ""c702584c-9293-4734-8647-d1d0df348ac9"", ""bike_id"": ""B1"", ""end_station_id"": ""S1"", ""duration_minutes"": 31.83, ""simulated_cost"": 31.83, ""power_connected"": true, ""lock_confirmed"": true}"
39606,2026-04-24T22:29:23Z,S1,PAYMENT_CAPTURED,"{""rental_id"": ""c702584c-9293-4734-8647-d1d0df348ac9"", ""bike_id"": ""B1"", ""payment_method"": ""station_card"", ""simulated_cost"": 31.83}"
39608,2026-04-24T22:29:24Z,S1,STATION_HEARTBEAT,"{""dock_occupied"": 1, ""power_connected"": true}"
39609,2026-04-24T22:29:29Z,S1,STATION_HEARTBEAT,"{""dock_occupied"": 1, ""power_connected"": true}"
39610,2026-04-24T22:29:31Z,B1,GPS_UPDATE,"{""lat"": 14.54524, ""lon"": -90.437873, ""gps_time"": ""2026-04-24T22:29:31Z""}"
39611,2026-04-24T22:29:44Z,S1,STATION_HEARTBEAT,"{""dock_occupied"": 1, ""power_connected"": true}"
39612,2026-04-24T22:29:49Z,S1,STATION_HEARTBEAT,"{""dock_occupied"": 1, ""power_connected"": true}"
39613,2026-04-24T22:30:01Z,B1,GPS_UPDATE,"{""lat"": 14.54524, ""lon"": -90.437869, ""gps_time"": ""2026-04-24T22:30:01Z""}"
39614,2026-04-24T22:30:05Z,S1,STATION_HEARTBEAT,"{""dock_occupied"": 1, ""power_connected"": true}"
39615,2026-04-24T22:30:09Z,S1,STATION_HEARTBEAT,"{""dock_occupied"": 1, ""power_connected"": true}"
39616,2026-04-24T22:30:14Z,S1,STATION_HEARTBEAT,"{""dock_occupied"": 1, ""power_connected"": true}"
39617,2026-04-24T22:30:19Z,S1,STATION_HEARTBEAT,"{""dock_occupied"": 1, ""power_connected"": true}"
39618,2026-04-24T22:30:24Z,S1,STATION_HEARTBEAT,"{""dock_occupied"": 1, ""power_connected"": true}"
39619,2026-04-24T22:30:29Z,S1,STATION_HEARTBEAT,"{""dock_occupied"": 1, ""power_connected"": true}"
39620,2026-04-24T22:30:31Z,B1,GPS_UPDATE,"{""lat"": 14.54524, ""lon"": -90.437869, ""gps_time"": ""2026-04-24T22:30:31Z""}"
39621,2026-04-24T22:30:34Z,S1,STATION_HEARTBEAT,"{""dock_occupied"": 1, ""power_connected"": true}"
39622,2026-04-24T22:30:39Z,S1,STATION_HEARTBEAT,"{""dock_occupied"": 1, ""power_connected"": true}"
39623,2026-04-24T22:30:44Z,S1,STATION_HEARTBEAT,"{""dock_occupied"": 1, ""power_connected"": true}"
39624,2026-04-24T22:30:49Z,S1,STATION_HEARTBEAT,"{""dock_occupied"": 1, ""power_connected"": true}"
39625,2026-04-24T22:30:54Z,S1,STATION_HEARTBEAT,"{""dock_occupied"": 1, ""power_connected"": true}"
39626,2026-04-24T22:30:59Z,S1,STATION_HEARTBEAT,"{""dock_occupied"": 1, ""power_connected"": true}"
39627,2026-04-24T22:31:01Z,B1,GPS_UPDATE,"{""lat"": 14.54524, ""lon"": -90.437869, ""gps_time"": ""2026-04-24T22:31:01Z""}"
39628,2026-04-24T22:31:04Z,S1,STATION_HEARTBEAT,"{""dock_occupied"": 1, ""power_connected"": true}"
39629,2026-04-24T22:31:09Z,S1,STATION_HEARTBEAT,"{""dock_occupied"": 1, ""power_connected"": true}"
39630,2026-04-24T22:31:14Z,S1,STATION_HEARTBEAT,"{""dock_occupied"": 1, ""power_connected"": true}"
39631,2026-04-24T22:31:19Z,S1,STATION_HEARTBEAT,"{""dock_occupied"": 1, ""power_connected"": true}"
39632,2026-04-24T22:31:24Z,S1,STATION_HEARTBEAT,"{""dock_occupied"": 1, ""power_connected"": true}"
39633,2026-04-24T22:31:29Z,S1,STATION_HEARTBEAT,"{""dock_occupied"": 1, ""power_connected"": true}"
39634,2026-04-24T22:31:31Z,B1,GPS_UPDATE,"{""lat"": 14.54524, ""lon"": -90.437869, ""gps_time"": ""2026-04-24T22:31:31Z""}"
39635,2026-04-24T22:31:34Z,S1,STATION_HEARTBEAT,"{""dock_occupied"": 1, ""power_connected"": true}"
39636,2026-04-24T22:31:39Z,S1,STATION_HEARTBEAT,"{""dock_occupied"": 1, ""power_connected"": true}"
39638,2026-04-24T22:31:46Z,S1,STATION_HEARTBEAT,"{""dock_occupied"": 1, ""power_connected"": true}"
39637,2026-04-24T22:31:46Z,S1,RENTAL_REQUEST_DENIED,"{""user_id"": ""U1"", ""bike_id"": ""B1"", ""reason"": ""insufficient_balance""}"
39639,2026-04-24T22:31:49Z,S1,STATION_HEARTBEAT,"{""dock_occupied"": 1, ""power_connected"": true}"
39640,2026-04-24T22:31:54Z,S1,STATION_HEARTBEAT,"{""dock_occupied"": 1, ""power_connected"": true}"
39641,2026-04-24T22:31:59Z,S1,STATION_HEARTBEAT,"{""dock_occupied"": 1, ""power_connected"": true}"
39642,2026-04-24T22:32:01Z,B1,GPS_UPDATE,"{""lat"": 14.54524, ""lon"": -90.437869, ""gps_time"": ""2026-04-24T22:32:01Z""}"
39643,2026-04-24T22:32:04Z,S1,STATION_HEARTBEAT,"{""dock_occupied"": 1, ""power_connected"": true}"
39644,2026-04-24T22:32:09Z,S1,STATION_HEARTBEAT,"{""dock_occupied"": 1, ""power_connected"": true}"
39645,2026-04-24T22:32:14Z,S1,STATION_HEARTBEAT,"{""dock_occupied"": 1, ""power_connected"": true}"
39646,2026-04-24T22:32:19Z,S1,STATION_HEARTBEAT,"{""dock_occupied"": 1, ""power_connected"": true}"
39647,2026-04-24T22:32:24Z,S1,STATION_HEARTBEAT,"{""dock_occupied"": 1, ""power_connected"": true}"
39648,2026-04-24T22:32:29Z,S1,STATION_HEARTBEAT,"{""dock_occupied"": 1, ""power_connected"": true}"
39649,2026-04-24T22:32:31Z,B1,GPS_UPDATE,"{""lat"": 14.54524, ""lon"": -90.437869, ""gps_time"": ""2026-04-24T22:32:31Z""}"
39650,2026-04-24T22:32:34Z,S1,STATION_HEARTBEAT,"{""dock_occupied"": 1, ""power_connected"": true}"
39651,2026-04-24T22:32:39Z,S1,STATION_HEARTBEAT,"{""dock_occupied"": 1, ""power_connected"": true}"
39652,2026-04-24T22:32:44Z,S1,STATION_HEARTBEAT,"{""dock_occupied"": 1, ""power_connected"": true}"
39653,2026-04-24T22:32:49Z,S1,STATION_HEARTBEAT,"{""dock_occupied"": 1, ""power_connected"": true}"
39654,2026-04-24T22:32:54Z,S1,STATION_HEARTBEAT,"{""dock_occupied"": 1, ""power_connected"": true}"
39655,2026-04-24T22:32:59Z,S1,STATION_HEARTBEAT,"{""dock_occupied"": 1, ""power_connected"": true}"
39656,2026-04-24T22:33:01Z,B1,GPS_UPDATE,"{""lat"": 14.54524, ""lon"": -90.437869, ""gps_time"": ""2026-04-24T22:33:01Z""}"
39657,2026-04-24T22:33:04Z,S1,STATION_HEARTBEAT,"{""dock_occupied"": 1, ""power_connected"": true}"
39658,2026-04-24T22:33:09Z,S1,STATION_HEARTBEAT,"{""dock_occupied"": 1, ""power_connected"": true}"
39659,2026-04-24T22:33:14Z,S1,STATION_HEARTBEAT,"{""dock_occupied"": 1, ""power_connected"": true}"
39660,2026-04-24T22:33:19Z,S1,STATION_HEARTBEAT,"{""dock_occupied"": 1, ""power_connected"": true}"
39661,2026-04-24T22:33:24Z,S1,STATION_HEARTBEAT,"{""dock_occupied"": 1, ""power_connected"": true}"
39662,2026-04-24T22:33:29Z,S1,STATION_HEARTBEAT,"{""dock_occupied"": 1, ""power_connected"": true}"
39663,2026-04-24T22:33:31Z,B1,GPS_UPDATE,"{""lat"": 14.54524, ""lon"": -90.437869, ""gps_time"": ""2026-04-24T22:33:31Z""}"
39664,2026-04-24T22:33:34Z,S1,STATION_HEARTBEAT,"{""dock_occupied"": 1, ""power_connected"": true}"
39665,2026-04-24T22:33:39Z,S1,STATION_HEARTBEAT,"{""dock_occupied"": 1, ""power_connected"": true}"
39666,2026-04-24T22:33:44Z,S1,STATION_HEARTBEAT,"{""dock_occupied"": 1, ""power_connected"": true}"
39667,2026-04-24T22:33:49Z,S1,STATION_HEARTBEAT,"{""dock_occupied"": 1, ""power_connected"": true}"
39668,2026-04-24T22:34:01Z,B1,GPS_UPDATE,"{""lat"": 14.545217, ""lon"": -90.437879, ""gps_time"": ""2026-04-24T22:34:01Z""}"
39669,2026-04-24T22:34:19Z,S1,STATION_HEARTBEAT,"{""dock_occupied"": 1, ""power_connected"": true}"
39670,2026-04-24T22:34:24Z,S1,STATION_HEARTBEAT,"{""dock_occupied"": 1, ""power_connected"": true}"
39671,2026-04-24T22:34:29Z,S1,STATION_HEARTBEAT,"{""dock_occupied"": 1, ""power_connected"": true}"
39672,2026-04-24T22:34:31Z,B1,GPS_UPDATE,"{""lat"": 14.545263, ""lon"": -90.437794, ""gps_time"": ""2026-04-24T22:34:31Z""}"
39673,2026-04-24T22:34:34Z,S1,STATION_HEARTBEAT,"{""dock_occupied"": 1, ""power_connected"": true}"
39674,2026-04-24T22:34:54Z,S1,STATION_HEARTBEAT,"{""dock_occupied"": 1, ""power_connected"": true}"
39675,2026-04-24T22:34:59Z,S1,STATION_HEARTBEAT,"{""dock_occupied"": 1, ""power_connected"": true}"
39676,2026-04-24T22:35:01Z,B1,GPS_UPDATE,"{""lat"": 14.545217, ""lon"": -90.437858, ""gps_time"": ""2026-04-24T22:35:01Z""}"
39677,2026-04-24T22:35:04Z,S1,STATION_HEARTBEAT,"{""dock_occupied"": 1, ""power_connected"": true}"
39678,2026-04-24T22:35:09Z,S1,STATION_HEARTBEAT,"{""dock_occupied"": 1, ""power_connected"": true}"
39679,2026-04-24T22:35:14Z,S1,STATION_HEARTBEAT,"{""dock_occupied"": 1, ""power_connected"": true}"
39680,2026-04-24T22:35:19Z,S1,STATION_HEARTBEAT,"{""dock_occupied"": 1, ""power_connected"": true}"
39681,2026-04-24T22:35:24Z,S1,STATION_HEARTBEAT,"{""dock_occupied"": 1, ""power_connected"": true}"
39682,2026-04-24T22:35:29Z,S1,STATION_HEARTBEAT,"{""dock_occupied"": 1, ""power_connected"": true}"
39683,2026-04-24T22:35:31Z,B1,GPS_UPDATE,"{""lat"": 14.545166, ""lon"": -90.437907, ""gps_time"": ""2026-04-24T22:35:31Z""}"
39684,2026-04-24T22:35:34Z,S1,STATION_HEARTBEAT,"{""dock_occupied"": 1, ""power_connected"": true}"
39685,2026-04-24T22:35:39Z,S1,STATION_HEARTBEAT,"{""dock_occupied"": 1, ""power_connected"": true}"
39686,2026-04-24T22:35:44Z,S1,STATION_HEARTBEAT,"{""dock_occupied"": 1, ""power_connected"": true}"
39687,2026-04-24T22:35:49Z,S1,STATION_HEARTBEAT,"{""dock_occupied"": 1, ""power_connected"": true}"
39688,2026-04-24T22:35:54Z,S1,STATION_HEARTBEAT,"{""dock_occupied"": 1, ""power_connected"": true}"
39689,2026-04-24T22:35:59Z,S1,STATION_HEARTBEAT,"{""dock_occupied"": 1, ""power_connected"": true}"
39690,2026-04-24T22:36:01Z,B1,GPS_UPDATE,"{""lat"": 14.545177, ""lon"": -90.437906, ""gps_time"": ""2026-04-24T22:36:01Z""}"
39691,2026-04-24T22:36:04Z,S1,STATION_HEARTBEAT,"{""dock_occupied"": 1, ""power_connected"": true}"
39692,2026-04-24T22:36:09Z,S1,STATION_HEARTBEAT,"{""dock_occupied"": 1, ""power_connected"": true}"
39693,2026-04-24T22:36:14Z,S1,STATION_HEARTBEAT,"{""dock_occupied"": 1, ""power_connected"": true}"
39694,2026-04-24T22:36:19Z,S1,STATION_HEARTBEAT,"{""dock_occupied"": 1, ""power_connected"": true}"
39695,2026-04-24T22:36:24Z,S1,STATION_HEARTBEAT,"{""dock_occupied"": 1, ""power_connected"": true}"
39696,2026-04-24T22:36:29Z,S1,STATION_HEARTBEAT,"{""dock_occupied"": 1, ""power_connected"": true}"
39697,2026-04-24T22:36:31Z,B1,GPS_UPDATE,"{""lat"": 14.545226, ""lon"": -90.43786, ""gps_time"": ""2026-04-24T22:36:31Z""}"
39698,2026-04-24T22:36:36Z,S1,RENTAL_REQUEST_DENIED,"{""user_id"": ""U1"", ""bike_id"": ""B1"", ""reason"": ""insufficient_balance""}"
39699,2026-04-24T22:36:54Z,S1,STATION_HEARTBEAT,"{""dock_occupied"": 1, ""power_connected"": true}"
39700,2026-04-24T22:36:59Z,S1,STATION_HEARTBEAT,"{""dock_occupied"": 1, ""power_connected"": true}"
39701,2026-04-24T22:37:01Z,B1,GPS_UPDATE,"{""lat"": 14.54521, ""lon"": -90.437865, ""gps_time"": ""2026-04-24T22:37:01Z""}"
39702,2026-04-24T22:37:04Z,S1,STATION_HEARTBEAT,"{""dock_occupied"": 1, ""power_connected"": true}"
39703,2026-04-24T22:37:31Z,B1,GPS_UPDATE,"{""lat"": 14.545201, ""lon"": -90.437895, ""gps_time"": ""2026-04-24T22:37:31Z""}"
39704,2026-04-24T22:37:44Z,S1,STATION_HEARTBEAT,"{""dock_occupied"": 1, ""power_connected"": true}"
39705,2026-04-24T22:37:49Z,S1,STATION_HEARTBEAT,"{""dock_occupied"": 1, ""power_connected"": true}"
39706,2026-04-24T22:37:54Z,S1,STATION_HEARTBEAT,"{""dock_occupied"": 1, ""power_connected"": true}"
39707,2026-04-24T22:37:59Z,S1,STATION_HEARTBEAT,"{""dock_occupied"": 1, ""power_connected"": true}"
39708,2026-04-24T22:38:01Z,B1,GPS_UPDATE,"{""lat"": 14.545218, ""lon"": -90.437879, ""gps_time"": ""2026-04-24T22:38:01Z""}"
39709,2026-04-24T22:38:04Z,S1,STATION_HEARTBEAT,"{""dock_occupied"": 1, ""power_connected"": true}"
39710,2026-04-24T22:38:09Z,S1,STATION_HEARTBEAT,"{""dock_occupied"": 1, ""power_connected"": true}"
39711,2026-04-24T22:38:14Z,S1,STATION_HEARTBEAT,"{""dock_occupied"": 1, ""power_connected"": true}"
39712,2026-04-24T22:38:19Z,S1,STATION_HEARTBEAT,"{""dock_occupied"": 1, ""power_connected"": true}"
39713,2026-04-24T22:38:24Z,S1,STATION_HEARTBEAT,"{""dock_occupied"": 1, ""power_connected"": true}"
39714,2026-04-24T22:38:29Z,S1,STATION_HEARTBEAT,"{""dock_occupied"": 1, ""power_connected"": true}"
39715,2026-04-24T22:38:31Z,B1,GPS_UPDATE,"{""lat"": 14.545212, ""lon"": -90.437889, ""gps_time"": ""2026-04-24T22:38:31Z""}"
39716,2026-04-24T22:38:34Z,S1,STATION_HEARTBEAT,"{""dock_occupied"": 1, ""power_connected"": true}"
39717,2026-04-24T22:38:42Z,S1,RENTAL_REQUEST_DENIED,"{""user_id"": ""U1"", ""bike_id"": ""B1"", ""reason"": ""insufficient_balance""}"
39718,2026-04-24T22:38:44Z,S1,STATION_HEARTBEAT,"{""dock_occupied"": 1, ""power_connected"": true}"
39719,2026-04-24T22:38:49Z,S1,STATION_HEARTBEAT,"{""dock_occupied"": 1, ""power_connected"": true}"
39720,2026-04-24T22:38:54Z,S1,STATION_HEARTBEAT,"{""dock_occupied"": 1, ""power_connected"": true}"
39721,2026-04-24T22:38:59Z,S1,STATION_HEARTBEAT,"{""dock_occupied"": 1, ""power_connected"": true}"
39722,2026-04-24T22:39:01Z,B1,GPS_UPDATE,"{""lat"": 14.545218, ""lon"": -90.437873, ""gps_time"": ""2026-04-24T22:39:01Z""}"
39723,2026-04-24T22:39:04Z,S1,STATION_HEARTBEAT,"{""dock_occupied"": 1, ""power_connected"": true}"
39724,2026-04-24T22:39:09Z,S1,STATION_HEARTBEAT,"{""dock_occupied"": 1, ""power_connected"": true}"
39725,2026-04-24T22:39:24Z,S1,STATION_HEARTBEAT,"{""dock_occupied"": 1, ""power_connected"": true}"
39726,2026-04-24T22:39:29Z,S1,STATION_HEARTBEAT,"{""dock_occupied"": 1, ""power_connected"": true}"
39727,2026-04-24T22:39:31Z,B1,GPS_UPDATE,"{""lat"": 14.545224, ""lon"": -90.437858, ""gps_time"": ""2026-04-24T22:39:31Z""}"
39728,2026-04-24T22:39:34Z,S1,STATION_HEARTBEAT,"{""dock_occupied"": 1, ""power_connected"": true}"
39729,2026-04-24T22:39:39Z,S1,STATION_HEARTBEAT,"{""dock_occupied"": 1, ""power_connected"": true}"
39730,2026-04-24T22:39:44Z,S1,STATION_HEARTBEAT,"{""dock_occupied"": 1, ""power_connected"": true}"
39731,2026-04-24T22:39:49Z,S1,STATION_HEARTBEAT,"{""dock_occupied"": 1, ""power_connected"": true}"
39732,2026-04-24T22:39:59Z,S1,STATION_HEARTBEAT,"{""dock_occupied"": 1, ""power_connected"": true}"
39733,2026-04-24T22:40:01Z,B1,GPS_UPDATE,"{""lat"": 14.545226, ""lon"": -90.437859, ""gps_time"": ""2026-04-24T22:40:01Z""}"
39734,2026-04-24T22:40:04Z,S1,STATION_HEARTBEAT,"{""dock_occupied"": 1, ""power_connected"": true}"
39735,2026-04-24T22:40:09Z,S1,STATION_HEARTBEAT,"{""dock_occupied"": 1, ""power_connected"": true}"
39736,2026-04-24T22:40:14Z,S1,STATION_HEARTBEAT,"{""dock_occupied"": 1, ""power_connected"": true}"
39737,2026-04-24T22:40:19Z,S1,STATION_HEARTBEAT,"{""dock_occupied"": 1, ""power_connected"": true}"
39738,2026-04-24T22:40:23Z,U1,TOPUP,"{""user_id"": ""U1"", ""code"": ""R3MMLD5Y"", ""amount"": 25.0, ""new_balance"": 53.32}"
39739,2026-04-24T22:40:25Z,S1,STATION_HEARTBEAT,"{""dock_occupied"": 1, ""power_connected"": true}"
39740,2026-04-24T22:40:31Z,B1,GPS_UPDATE,"{""lat"": 14.545239, ""lon"": -90.437814, ""gps_time"": ""2026-04-24T22:40:31Z""}"
39741,2026-04-24T22:40:34Z,S1,STATION_HEARTBEAT,"{""dock_occupied"": 1, ""power_connected"": true}"
39742,2026-04-24T22:40:38Z,S1,RENTAL_STARTED,"{""rental_id"": ""e1ab7b29-d8cd-4754-8593-be62da143459"", ""user_id"": ""U1"", ""bike_id"": ""B1"", ""start_station_id"": ""S1"", ""start_time"": ""2026-04-24T22:40:38Z""}"
39743,2026-04-24T22:40:39Z,S1,STATION_HEARTBEAT,"{""dock_occupied"": 1, ""power_connected"": true}"
39744,2026-04-24T22:40:44Z,S1,STATION_HEARTBEAT,"{""dock_occupied"": 1, ""power_connected"": true}"
39745,2026-04-24T22:40:49Z,S1,STATION_HEARTBEAT,"{""dock_occupied"": 1, ""power_connected"": true}"
39746,2026-04-24T22:40:54Z,S1,STATION_HEARTBEAT,"{""dock_occupied"": 1, ""power_connected"": true}"
39747,2026-04-24T22:40:59Z,S1,STATION_HEARTBEAT,"{""dock_occupied"": 1, ""power_connected"": true}"
39749,2026-04-24T22:41:01Z,B1,GPS_UPDATE,"{""lat"": 14.5452, ""lon"": -90.437832, ""gps_time"": ""2026-04-24T22:41:01Z""}"
39748,2026-04-24T22:41:01Z,B1,GEOFENCE_BREACH,"{""lat"": 14.5452, ""lon"": -90.437832, ""dist_m"": 9966.7, ""rental_id"": ""e1ab7b29-d8cd-4754-8593-be62da143459""}"
39750,2026-04-24T22:41:04Z,S1,STATION_HEARTBEAT,"{""dock_occupied"": 1, ""power_connected"": true}"
39751,2026-04-24T22:41:09Z,S1,STATION_HEARTBEAT,"{""dock_occupied"": 1, ""power_connected"": true}"
39752,2026-04-24T22:41:14Z,S1,STATION_HEARTBEAT,"{""dock_occupied"": 1, ""power_connected"": true}"
39753,2026-04-24T22:41:22Z,S1,RENTAL_REQUEST_DENIED,"{""user_id"": ""U1"", ""bike_id"": ""B1"", ""reason"": ""user_has_active_rental""}"
39754,2026-04-24T22:41:24Z,S1,STATION_HEARTBEAT,"{""dock_occupied"": 1, ""power_connected"": true}"
39755,2026-04-24T22:41:29Z,S1,STATION_HEARTBEAT,"{""dock_occupied"": 1, ""power_connected"": true}"
39756,2026-04-24T22:41:31Z,B1,GPS_UPDATE,"{""lat"": 14.545215, ""lon"": -90.437837, ""gps_time"": ""2026-04-24T22:41:31Z""}"
39757,2026-04-24T22:41:34Z,S1,STATION_HEARTBEAT,"{""dock_occupied"": 1, ""power_connected"": true}"
39758,2026-04-24T22:41:39Z,S1,STATION_HEARTBEAT,"{""dock_occupied"": 1, ""power_connected"": true}"
39759,2026-04-24T22:41:44Z,S1,STATION_HEARTBEAT,"{""dock_occupied"": 1, ""power_connected"": true}"
39760,2026-04-24T22:41:49Z,S1,STATION_HEARTBEAT,"{""dock_occupied"": 1, ""power_connected"": true}"
39761,2026-04-24T22:41:54Z,S1,STATION_HEARTBEAT,"{""dock_occupied"": 1, ""power_connected"": true}"
39762,2026-04-24T22:41:59Z,S1,STATION_HEARTBEAT,"{""dock_occupied"": 1, ""power_connected"": true}"
39763,2026-04-24T22:42:01Z,B1,GPS_UPDATE,"{""lat"": 14.545246, ""lon"": -90.43782, ""gps_time"": ""2026-04-24T22:42:01Z""}"
39764,2026-04-24T22:42:04Z,S1,STATION_HEARTBEAT,"{""dock_occupied"": 1, ""power_connected"": true}"
39765,2026-04-24T22:42:15Z,S1,STATION_HEARTBEAT,"{""dock_occupied"": 1, ""power_connected"": true}"
39766,2026-04-24T22:42:25Z,S1,STATION_HEARTBEAT,"{""dock_occupied"": 1, ""power_connected"": true}"
39767,2026-04-24T22:42:29Z,S1,STATION_HEARTBEAT,"{""dock_occupied"": 1, ""power_connected"": true}"
39768,2026-04-24T22:42:31Z,B1,GPS_UPDATE,"{""lat"": 14.545233, ""lon"": -90.437832, ""gps_time"": ""2026-04-24T22:42:31Z""}"
39769,2026-04-24T22:42:40Z,S1,STATION_HEARTBEAT,"{""dock_occupied"": 1, ""power_connected"": true}"
39770,2026-04-24T22:42:45Z,S1,STATION_HEARTBEAT,"{""dock_occupied"": 1, ""power_connected"": true}"
39771,2026-04-24T22:42:55Z,S1,STATION_HEARTBEAT,"{""dock_occupied"": 1, ""power_connected"": true}"
39772,2026-04-24T22:43:00Z,S1,STATION_HEARTBEAT,"{""dock_occupied"": 1, ""power_connected"": true}"
39773,2026-04-24T22:43:01Z,B1,GPS_UPDATE,"{""lat"": 14.545174, ""lon"": -90.437929, ""gps_time"": ""2026-04-24T22:43:01Z""}"
39774,2026-04-24T22:43:05Z,S1,STATION_HEARTBEAT,"{""dock_occupied"": 1, ""power_connected"": true}"
39775,2026-04-24T22:43:10Z,S1,STATION_HEARTBEAT,"{""dock_occupied"": 1, ""power_connected"": true}"
39776,2026-04-25T23:20:34Z,S1,STATION_HEARTBEAT,"{""dock_occupied"": 1, ""power_connected"": true}"
39779,2026-04-25T23:20:40Z,B1,GPS_UPDATE,"{""lat"": 14.54519, ""lon"": -90.437847, ""gps_time"": ""2026-04-25T23:20:39Z""}"
39778,2026-04-25T23:20:40Z,S1,STATION_HEARTBEAT,"{""dock_occupied"": 1, ""power_connected"": true}"
39777,2026-04-25T23:20:40Z,S1,RENTAL_REQUEST_DENIED,"{""user_id"": ""U1"", ""bike_id"": ""B1"", ""reason"": ""user_has_active_rental""}"
39780,2026-04-25T23:20:44Z,S1,STATION_HEARTBEAT,"{""dock_occupied"": 1, ""power_connected"": true}"
39782,2026-04-25T23:20:49Z,S1,RENTAL_COMPLETED,"{""rental_id"": ""e1ab7b29-d8cd-4754-8593-be62da143459"", ""bike_id"": ""B1"", ""end_station_id"": ""S1"", ""duration_minutes"": 1480.18, ""simulated_cost"": 1480.18, ""balance_remaining"": -1426.86}"
39781,2026-04-25T23:20:49Z,S1,STATION_HEARTBEAT,"{""dock_occupied"": 1, ""power_connected"": true}"
39783,2026-04-25T23:20:54Z,S1,STATION_HEARTBEAT,"{""dock_occupied"": 1, ""power_connected"": true}"
39784,2026-04-25T23:21:01Z,S1,RENTAL_REQUEST_DENIED,"{""user_id"": ""U1"", ""bike_id"": ""B1"", ""reason"": ""insufficient_balance""}"
39785,2026-04-25T23:21:04Z,S1,STATION_HEARTBEAT,"{""dock_occupied"": 1, ""power_connected"": true}"
39787,2026-04-25T23:21:09Z,B1,GPS_UPDATE,"{""lat"": 14.54518, ""lon"": -90.437827, ""gps_time"": ""2026-04-25T23:21:09Z""}"
39786,2026-04-25T23:21:09Z,S1,STATION_HEARTBEAT,"{""dock_occupied"": 1, ""power_connected"": true}"
39788,2026-04-25T23:21:14Z,S1,STATION_HEARTBEAT,"{""dock_occupied"": 1, ""power_connected"": true}"
39789,2026-04-25T23:21:19Z,S1,STATION_HEARTBEAT,"{""dock_occupied"": 1, ""power_connected"": true}"
39790,2026-04-25T23:21:24Z,S1,STATION_HEARTBEAT,"{""dock_occupied"": 1, ""power_connected"": true}"
39791,2026-04-25T23:21:29Z,S1,STATION_HEARTBEAT,"{""dock_occupied"": 1, ""power_connected"": true}"
39792,2026-04-25T23:21:34Z,S1,STATION_HEARTBEAT,"{""dock_occupied"": 1, ""power_connected"": true}"
39794,2026-04-25T23:21:39Z,B1,GPS_UPDATE,"{""lat"": 14.545188, ""lon"": -90.437841, ""gps_time"": ""2026-04-25T23:21:39Z""}"
39793,2026-04-25T23:21:39Z,S1,STATION_HEARTBEAT,"{""dock_occupied"": 1, ""power_connected"": true}"
39795,2026-04-25T23:21:44Z,S1,STATION_HEARTBEAT,"{""dock_occupied"": 1, ""power_connected"": true}"
39796,2026-04-25T23:21:49Z,S1,STATION_HEARTBEAT,"{""dock_occupied"": 1, ""power_connected"": true}"
39797,2026-04-25T23:21:54Z,S1,STATION_HEARTBEAT,"{""dock_occupied"": 1, ""power_connected"": true}"
39798,2026-04-25T23:21:59Z,S1,STATION_HEARTBEAT,"{""dock_occupied"": 1, ""power_connected"": true}"
39799,2026-04-25T23:22:04Z,S1,STATION_HEARTBEAT,"{""dock_occupied"": 1, ""power_connected"": true}"
39800,2026-04-25T23:22:09Z,S1,STATION_HEARTBEAT,"{""dock_occupied"": 1, ""power_connected"": true}"
39801,2026-04-25T23:22:14Z,S1,STATION_HEARTBEAT,"{""dock_occupied"": 1, ""power_connected"": true}"
39802,2026-04-25T23:22:19Z,S1,STATION_HEARTBEAT,"{""dock_occupied"": 1, ""power_connected"": true}"
39803,2026-04-25T23:22:24Z,S1,STATION_HEARTBEAT,"{""dock_occupied"": 1, ""power_connected"": true}"
39804,2026-04-25T23:22:29Z,S1,STATION_HEARTBEAT,"{""dock_occupied"": 1, ""power_connected"": true}"
39805,2026-04-25T23:22:34Z,S1,STATION_HEARTBEAT,"{""dock_occupied"": 1, ""power_connected"": true}"
39807,2026-04-25T23:22:39Z,B1,GPS_UPDATE,"{""lat"": 14.545177, ""lon"": -90.437861, ""gps_time"": ""2026-04-25T23:22:39Z""}"
39806,2026-04-25T23:22:39Z,S1,STATION_HEARTBEAT,"{""dock_occupied"": 1, ""power_connected"": true}"
39809,2026-04-25T23:22:44Z,U1,TOPUP,"{""user_id"": ""U1"", ""code"": ""G915RNVT"", ""amount"": 1400.0, ""new_balance"": -26.8599999999999}"
39808,2026-04-25T23:22:44Z,S1,STATION_HEARTBEAT,"{""dock_occupied"": 1, ""power_connected"": true}"
39810,2026-04-25T23:22:49Z,S1,STATION_HEARTBEAT,"{""dock_occupied"": 1, ""power_connected"": true}"
39811,2026-04-25T23:22:54Z,S1,STATION_HEARTBEAT,"{""dock_occupied"": 1, ""power_connected"": true}"
39812,2026-04-25T23:22:59Z,S1,STATION_HEARTBEAT,"{""dock_occupied"": 1, ""power_connected"": true}"
39813,2026-04-25T23:23:04Z,S1,STATION_HEARTBEAT,"{""dock_occupied"": 1, ""power_connected"": true}"
39814,2026-04-25T23:23:09Z,S1,STATION_HEARTBEAT,"{""dock_occupied"": 1, ""power_connected"": true}"
39815,2026-04-25T23:23:14Z,S1,STATION_HEARTBEAT,"{""dock_occupied"": 1, ""power_connected"": true}"
39816,2026-04-25T23:23:19Z,S1,STATION_HEARTBEAT,"{""dock_occupied"": 1, ""power_connected"": true}"
39817,2026-04-25T23:23:24Z,S1,STATION_HEARTBEAT,"{""dock_occupied"": 1, ""power_connected"": true}"
39818,2026-04-25T23:23:29Z,S1,STATION_HEARTBEAT,"{""dock_occupied"": 1, ""power_connected"": true}"
39819,2026-04-25T23:23:34Z,S1,STATION_HEARTBEAT,"{""dock_occupied"": 1, ""power_connected"": true}"
39821,2026-04-25T23:23:39Z,B1,GPS_UPDATE,"{""lat"": 14.545173, ""lon"": -90.43788, ""gps_time"": ""2026-04-25T23:23:39Z""}"
39820,2026-04-25T23:23:39Z,S1,STATION_HEARTBEAT,"{""dock_occupied"": 1, ""power_connected"": true}"
39822,2026-04-25T23:23:44Z,U1,TOPUP,"{""user_id"": ""U1"", ""code"": ""7JM8IVY3"", ""amount"": 80.0, ""new_balance"": 53.1400000000001}"
39823,2026-04-25T23:23:49Z,S1,STATION_HEARTBEAT,"{""dock_occupied"": 1, ""power_connected"": true}"
39824,2026-04-25T23:23:54Z,S1,STATION_HEARTBEAT,"{""dock_occupied"": 1, ""power_connected"": true}"
39825,2026-04-25T23:23:59Z,S1,STATION_HEARTBEAT,"{""dock_occupied"": 1, ""power_connected"": true}"
39826,2026-04-25T23:24:02Z,S1,RENTAL_STARTED,"{""rental_id"": ""4818c575-8709-4e98-885c-4133c6c6c366"", ""user_id"": ""U1"", ""bike_id"": ""B1"", ""start_station_id"": ""S1"", ""start_time"": ""2026-04-25T23:24:02Z""}"
39827,2026-04-25T23:24:04Z,S1,STATION_HEARTBEAT,"{""dock_occupied"": 1, ""power_connected"": true}"
39830,2026-04-25T23:24:09Z,B1,GPS_UPDATE,"{""lat"": 14.545172, ""lon"": -90.437883, ""gps_time"": ""2026-04-25T23:24:09Z""}"
39829,2026-04-25T23:24:09Z,B1,GEOFENCE_BREACH,"{""lat"": 14.545172, ""lon"": -90.437883, ""dist_m"": 9964.8, ""rental_id"": ""4818c575-8709-4e98-885c-4133c6c6c366""}"
39828,2026-04-25T23:24:09Z,S1,STATION_HEARTBEAT,"{""dock_occupied"": 1, ""power_connected"": true}"
39831,2026-04-25T23:24:14Z,S1,STATION_HEARTBEAT,"{""dock_occupied"": 1, ""power_connected"": true}"
39832,2026-04-25T23:24:19Z,S1,STATION_HEARTBEAT,"{""dock_occupied"": 1, ""power_connected"": true}"
39833,2026-04-25T23:24:24Z,S1,STATION_HEARTBEAT,"{""dock_occupied"": 1, ""power_connected"": true}"
39834,2026-04-25T23:24:29Z,S1,STATION_HEARTBEAT,"{""dock_occupied"": 1, ""power_connected"": true}"
39835,2026-04-25T23:24:34Z,S1,STATION_HEARTBEAT,"{""dock_occupied"": 1, ""power_connected"": true}"
39837,2026-04-25T23:24:39Z,B1,GPS_UPDATE,"{""lat"": 14.545173, ""lon"": -90.437879, ""gps_time"": ""2026-04-25T23:24:39Z""}"
39836,2026-04-25T23:24:39Z,S1,STATION_HEARTBEAT,"{""dock_occupied"": 1, ""power_connected"": true}"
39838,2026-04-25T23:24:44Z,S1,STATION_HEARTBEAT,"{""dock_occupied"": 1, ""power_connected"": true}"
39839,2026-04-25T23:24:49Z,S1,STATION_HEARTBEAT,"{""dock_occupied"": 1, ""power_connected"": true}"
39840,2026-04-25T23:24:54Z,S1,STATION_HEARTBEAT,"{""dock_occupied"": 1, ""power_connected"": true}"
39841,2026-04-25T23:24:59Z,S1,STATION_HEARTBEAT,"{""dock_occupied"": 1, ""power_connected"": true}"
39842,2026-04-25T23:25:04Z,S1,STATION_HEARTBEAT,"{""dock_occupied"": 1, ""power_connected"": true}"
39844,2026-04-25T23:25:09Z,B1,GPS_UPDATE,"{""lat"": 14.54517, ""lon"": -90.437867, ""gps_time"": ""2026-04-25T23:25:09Z""}"
39843,2026-04-25T23:25:09Z,S1,STATION_HEARTBEAT,"{""dock_occupied"": 1, ""power_connected"": true}"
39845,2026-04-25T23:25:14Z,S1,STATION_HEARTBEAT,"{""dock_occupied"": 1, ""power_connected"": true}"
39846,2026-04-25T23:25:19Z,S1,STATION_HEARTBEAT,"{""dock_occupied"": 1, ""power_connected"": true}"
39847,2026-04-25T23:25:39Z,B1,GPS_UPDATE,"{""lat"": 14.545166, ""lon"": -90.437876, ""gps_time"": ""2026-04-25T23:25:39Z""}"
39848,2026-04-25T23:26:09Z,B1,GPS_UPDATE,"{""lat"": 14.545169, ""lon"": -90.437905, ""gps_time"": ""2026-04-25T23:26:09Z""}"
39849,2026-04-25T23:26:39Z,B1,GPS_UPDATE,"{""lat"": 14.545193, ""lon"": -90.43786, ""gps_time"": ""2026-04-25T23:26:39Z""}"
39850,2026-04-25T23:28:39Z,B1,GPS_UPDATE,"{""lat"": 14.545454, ""lon"": -90.437946, ""gps_time"": ""2026-04-25T23:28:39Z""}"
39851,2026-04-25T23:29:39Z,B1,GPS_UPDATE,"{""lat"": 14.545213, ""lon"": -90.437951, ""gps_time"": ""2026-04-25T23:29:39Z""}"
39852,2026-04-25T23:30:09Z,B1,GPS_UPDATE,"{""lat"": 14.545168, ""lon"": -90.437849, ""gps_time"": ""2026-04-25T23:30:09Z""}"
39853,2026-04-25T23:30:34Z,S1,STATION_HEARTBEAT,"{""dock_occupied"": 1, ""power_connected"": true}"
39855,2026-04-25T23:30:39Z,B1,GPS_UPDATE,"{""lat"": 14.545176, ""lon"": -90.437845, ""gps_time"": ""2026-04-25T23:30:39Z""}"
39854,2026-04-25T23:30:39Z,S1,STATION_HEARTBEAT,"{""dock_occupied"": 1, ""power_connected"": true}"
39857,2026-04-25T23:30:45Z,S1,STATION_HEARTBEAT,"{""dock_occupied"": 1, ""power_connected"": true}"
39856,2026-04-25T23:30:45Z,S1,RENTAL_REQUEST_DENIED,"{""user_id"": ""U1"", ""bike_id"": ""B1"", ""reason"": ""user_has_active_rental""}"
39858,2026-04-25T23:30:49Z,S1,STATION_HEARTBEAT,"{""dock_occupied"": 1, ""power_connected"": true}"
39859,2026-04-25T23:30:53Z,S1,RENTAL_COMPLETED,"{""rental_id"": ""4818c575-8709-4e98-885c-4133c6c6c366"", ""bike_id"": ""B1"", ""end_station_id"": ""S1"", ""duration_minutes"": 6.85, ""simulated_cost"": 6.85, ""balance_remaining"": 46.29}"
39860,2026-04-25T23:30:59Z,S1,STATION_HEARTBEAT,"{""dock_occupied"": 1, ""power_connected"": true}"
39861,2026-04-25T23:31:04Z,S1,STATION_HEARTBEAT,"{""dock_occupied"": 1, ""power_connected"": true}"
39863,2026-04-25T23:31:09Z,B1,GPS_UPDATE,"{""lat"": 14.545181, ""lon"": -90.437842, ""gps_time"": ""2026-04-25T23:31:09Z""}"
39862,2026-04-25T23:31:09Z,S1,STATION_HEARTBEAT,"{""dock_occupied"": 1, ""power_connected"": true}"
39864,2026-04-25T23:31:14Z,S1,STATION_HEARTBEAT,"{""dock_occupied"": 1, ""power_connected"": true}"
39865,2026-04-25T23:31:19Z,S1,STATION_HEARTBEAT,"{""dock_occupied"": 1, ""power_connected"": true}"
39867,2026-04-25T23:31:25Z,S1,STATION_HEARTBEAT,"{""dock_occupied"": 1, ""power_connected"": true}"
39866,2026-04-25T23:31:25Z,S1,RENTAL_REQUEST_DENIED,"{""user_id"": ""U1"", ""bike_id"": ""B1"", ""reason"": ""insufficient_balance""}"
39868,2026-04-25T23:31:29Z,S1,STATION_HEARTBEAT,"{""dock_occupied"": 1, ""power_connected"": true}"
39869,2026-04-25T23:31:34Z,S1,STATION_HEARTBEAT,"{""dock_occupied"": 1, ""power_connected"": true}"
39871,2026-04-25T23:31:39Z,B1,GPS_UPDATE,"{""lat"": 14.545173, ""lon"": -90.437837, ""gps_time"": ""2026-04-25T23:31:39Z""}"
39870,2026-04-25T23:31:39Z,S1,STATION_HEARTBEAT,"{""dock_occupied"": 1, ""power_connected"": true}"
39872,2026-04-25T23:31:44Z,S1,STATION_HEARTBEAT,"{""dock_occupied"": 1, ""power_connected"": true}"
39873,2026-04-25T23:31:49Z,S1,STATION_HEARTBEAT,"{""dock_occupied"": 1, ""power_connected"": true}"
39874,2026-04-25T23:31:54Z,S1,STATION_HEARTBEAT,"{""dock_occupied"": 1, ""power_connected"": true}"
39875,2026-04-25T23:31:59Z,S1,STATION_HEARTBEAT,"{""dock_occupied"": 1, ""power_connected"": true}"
39876,2026-04-25T23:32:04Z,S1,STATION_HEARTBEAT,"{""dock_occupied"": 1, ""power_connected"": true}"
39877,2026-04-25T23:58:39Z,B1,GPS_UPDATE,"{""lat"": 14.545167, ""lon"": -90.43789, ""gps_time"": ""2026-04-25T23:58:39Z""}"
39878,2026-04-25T23:59:09Z,B1,GPS_UPDATE,"{""lat"": 14.545162, ""lon"": -90.43788, ""gps_time"": ""2026-04-25T23:59:09Z""}"
39879,2026-04-25T23:59:39Z,B1,GPS_UPDATE,"{""lat"": 14.545166, ""lon"": -90.437878, ""gps_time"": ""2026-04-25T23:59:39Z""}"
39880,2026-04-26T00:00:09Z,B1,GPS_UPDATE,"{""lat"": 14.545172, ""lon"": -90.437878, ""gps_time"": ""2026-04-26T00:00:09Z""}"
39881,2026-04-26T00:00:16Z,S1,STATION_HEARTBEAT,"{""dock_occupied"": 0, ""power_connected"": false}"
39882,2026-04-26T00:00:21Z,S1,STATION_HEARTBEAT,"{""dock_occupied"": 0, ""power_connected"": false}"
39883,2026-04-26T00:00:26Z,S1,STATION_HEARTBEAT,"{""dock_occupied"": 0, ""power_connected"": false}"
39884,2026-04-26T00:00:31Z,S1,STATION_HEARTBEAT,"{""dock_occupied"": 0, ""power_connected"": false}"
39885,2026-04-26T00:00:36Z,S1,STATION_HEARTBEAT,"{""dock_occupied"": 0, ""power_connected"": false}"
39886,2026-04-26T00:00:39Z,B1,GPS_UPDATE,"{""lat"": 14.545175, ""lon"": -90.437881, ""gps_time"": ""2026-04-26T00:00:39Z""}"
39887,2026-04-26T00:00:41Z,S1,STATION_HEARTBEAT,"{""dock_occupied"": 0, ""power_connected"": false}"
39888,2026-04-26T00:00:46Z,S1,STATION_HEARTBEAT,"{""dock_occupied"": 0, ""power_connected"": false}"
39889,2026-04-26T00:00:51Z,S1,STATION_HEARTBEAT,"{""dock_occupied"": 0, ""power_connected"": false}"
39890,2026-04-26T00:00:56Z,S1,STATION_HEARTBEAT,"{""dock_occupied"": 0, ""power_connected"": false}"
39891,2026-04-26T00:01:01Z,S1,STATION_HEARTBEAT,"{""dock_occupied"": 0, ""power_connected"": false}"
39892,2026-04-26T00:01:06Z,S1,STATION_HEARTBEAT,"{""dock_occupied"": 0, ""power_connected"": false}"
39893,2026-04-26T00:01:09Z,B1,GPS_UPDATE,"{""lat"": 14.545177, ""lon"": -90.437883, ""gps_time"": ""2026-04-26T00:01:09Z""}"
39894,2026-04-26T00:01:11Z,S1,STATION_HEARTBEAT,"{""dock_occupied"": 0, ""power_connected"": false}"
39895,2026-04-26T00:01:16Z,S1,STATION_HEARTBEAT,"{""dock_occupied"": 0, ""power_connected"": false}"
39896,2026-04-26T00:01:31Z,S1,STATION_HEARTBEAT,"{""dock_occupied"": 0, ""power_connected"": false}"
39897,2026-04-26T00:01:36Z,S1,STATION_HEARTBEAT,"{""dock_occupied"": 0, ""power_connected"": false}"
39898,2026-04-26T00:01:39Z,B1,GPS_UPDATE,"{""lat"": 14.54518, ""lon"": -90.437879, ""gps_time"": ""2026-04-26T00:01:39Z""}"
39899,2026-04-26T00:01:41Z,S1,STATION_HEARTBEAT,"{""dock_occupied"": 0, ""power_connected"": false}"
39900,2026-04-26T00:01:46Z,S1,STATION_HEARTBEAT,"{""dock_occupied"": 0, ""power_connected"": false}"
39901,2026-04-26T00:01:51Z,S1,STATION_HEARTBEAT,"{""dock_occupied"": 0, ""power_connected"": false}"
39902,2026-04-26T00:01:56Z,S1,STATION_HEARTBEAT,"{""dock_occupied"": 0, ""power_connected"": false}"
39903,2026-04-26T00:02:01Z,S1,STATION_HEARTBEAT,"{""dock_occupied"": 0, ""power_connected"": false}"
39904,2026-04-26T00:02:06Z,S1,STATION_HEARTBEAT,"{""dock_occupied"": 0, ""power_connected"": false}"
39905,2026-04-26T00:02:09Z,B1,GPS_UPDATE,"{""lat"": 14.545183, ""lon"": -90.437878, ""gps_time"": ""2026-04-26T00:02:09Z""}"
39906,2026-04-26T00:02:11Z,S1,STATION_HEARTBEAT,"{""dock_occupied"": 0, ""power_connected"": false}"
39907,2026-04-26T00:02:16Z,S1,STATION_HEARTBEAT,"{""dock_occupied"": 0, ""power_connected"": false}"
39908,2026-04-26T00:02:21Z,S1,STATION_HEARTBEAT,"{""dock_occupied"": 0, ""power_connected"": false}"
39909,2026-04-26T00:02:26Z,S1,STATION_HEARTBEAT,"{""dock_occupied"": 0, ""power_connected"": false}"
39910,2026-04-26T00:02:39Z,B1,GPS_UPDATE,"{""lat"": 14.545186, ""lon"": -90.437881, ""gps_time"": ""2026-04-26T00:02:39Z""}"
39911,2026-04-26T00:03:09Z,B1,GPS_UPDATE,"{""lat"": 14.545189, ""lon"": -90.437889, ""gps_time"": ""2026-04-26T00:03:09Z""}"
39912,2026-04-26T00:10:05Z,S1,STATION_HEARTBEAT,"{""dock_occupied"": 1, ""power_connected"": true}"
39914,2026-04-26T00:10:10Z,B1,GPS_UPDATE,"{""lat"": 14.545189, ""lon"": -90.437881, ""gps_time"": ""2026-04-26T00:10:09Z""}"
39913,2026-04-26T00:10:10Z,S1,RENTAL_REQUEST_DENIED,"{""user_id"": ""U1"", ""bike_id"": ""B1"", ""reason"": ""insufficient_balance""}"
39915,2026-04-26T00:10:15Z,S1,STATION_HEARTBEAT,"{""dock_occupied"": 1, ""power_connected"": true}"
39916,2026-04-26T00:10:20Z,S1,STATION_HEARTBEAT,"{""dock_occupied"": 1, ""power_connected"": true}"
39917,2026-04-26T00:10:25Z,S1,STATION_HEARTBEAT,"{""dock_occupied"": 1, ""power_connected"": true}"
39918,2026-04-26T00:10:30Z,S1,STATION_HEARTBEAT,"{""dock_occupied"": 1, ""power_connected"": true}"
39919,2026-04-26T00:10:35Z,S1,STATION_HEARTBEAT,"{""dock_occupied"": 1, ""power_connected"": true}"
39920,2026-04-26T00:10:39Z,B1,GPS_UPDATE,"{""lat"": 14.545189, ""lon"": -90.437883, ""gps_time"": ""2026-04-26T00:10:39Z""}"
39921,2026-04-26T00:10:45Z,S1,STATION_HEARTBEAT,"{""dock_occupied"": 1, ""power_connected"": true}"
39922,2026-04-26T00:10:50Z,S1,STATION_HEARTBEAT,"{""dock_occupied"": 1, ""power_connected"": true}"
39923,2026-04-26T00:10:55Z,S1,STATION_HEARTBEAT,"{""dock_occupied"": 1, ""power_connected"": true}"
39924,2026-04-26T00:10:58Z,U1,TOPUP_FAILED,"{""user_id"": ""U1"", ""code"": ""PL50VH9C"", ""reason"": ""invalid_code""}"
39925,2026-04-26T00:11:00Z,S1,STATION_HEARTBEAT,"{""dock_occupied"": 1, ""power_connected"": true}"
39926,2026-04-26T00:11:05Z,S1,STATION_HEARTBEAT,"{""dock_occupied"": 1, ""power_connected"": true}"
39927,2026-04-26T00:11:09Z,B1,GPS_UPDATE,"{""lat"": 14.545186, ""lon"": -90.437883, ""gps_time"": ""2026-04-26T00:11:09Z""}"
39928,2026-04-26T00:11:12Z,U1,TOPUP,"{""user_id"": ""U1"", ""code"": ""PL5OVH9C"", ""amount"": 5.0, ""new_balance"": 51.29}"
39929,2026-04-26T00:11:15Z,S1,STATION_HEARTBEAT,"{""dock_occupied"": 1, ""power_connected"": true}"
39930,2026-04-26T00:11:19Z,S1,RENTAL_STARTED,"{""rental_id"": ""4e65f26a-0147-4e30-b3be-0c5da1da3ebe"", ""user_id"": ""U1"", ""bike_id"": ""B1"", ""start_station_id"": ""S1"", ""start_time"": ""2026-04-26T00:11:19Z""}"
39931,2026-04-26T00:11:20Z,S1,STATION_HEARTBEAT,"{""dock_occupied"": 1, ""power_connected"": true}"
39932,2026-04-26T00:11:25Z,S1,STATION_HEARTBEAT,"{""dock_occupied"": 1, ""power_connected"": true}"
39933,2026-04-26T00:11:30Z,S1,STATION_HEARTBEAT,"{""dock_occupied"": 1, ""power_connected"": true}"
39934,2026-04-26T00:11:35Z,S1,STATION_HEARTBEAT,"{""dock_occupied"": 1, ""power_connected"": true}"
39936,2026-04-26T00:11:39Z,B1,GPS_UPDATE,"{""lat"": 14.545193, ""lon"": -90.437881, ""gps_time"": ""2026-04-26T00:11:39Z""}"
39935,2026-04-26T00:11:39Z,B1,GEOFENCE_BREACH,"{""lat"": 14.545193, ""lon"": -90.437881, ""dist_m"": 9963.4, ""rental_id"": ""4e65f26a-0147-4e30-b3be-0c5da1da3ebe""}"
39937,2026-04-26T00:11:45Z,S1,STATION_HEARTBEAT,"{""dock_occupied"": 1, ""power_connected"": true}"
39938,2026-04-26T00:11:50Z,S1,STATION_HEARTBEAT,"{""dock_occupied"": 1, ""power_connected"": true}"
39939,2026-04-26T00:11:55Z,S1,STATION_HEARTBEAT,"{""dock_occupied"": 1, ""power_connected"": true}"
39940,2026-04-26T00:12:00Z,S1,STATION_HEARTBEAT,"{""dock_occupied"": 1, ""power_connected"": true}"
39941,2026-04-26T00:12:05Z,S1,STATION_HEARTBEAT,"{""dock_occupied"": 1, ""power_connected"": true}"
39942,2026-04-26T00:12:09Z,B1,GPS_UPDATE,"{""lat"": 14.545193, ""lon"": -90.437882, ""gps_time"": ""2026-04-26T00:12:09Z""}"
39943,2026-04-26T00:12:15Z,S1,STATION_HEARTBEAT,"{""dock_occupied"": 1, ""power_connected"": true}"
39944,2026-04-26T00:37:50Z,S1,STATION_HEARTBEAT,"{""dock_occupied"": 1, ""power_connected"": true}"
39945,2026-04-26T00:37:55Z,S1,STATION_HEARTBEAT,"{""dock_occupied"": 1, ""power_connected"": true}"
39946,2026-04-26T00:38:00Z,S1,STATION_HEARTBEAT,"{""dock_occupied"": 1, ""power_connected"": true}"
39947,2026-04-26T00:38:05Z,S1,STATION_HEARTBEAT,"{""dock_occupied"": 1, ""power_connected"": true}"
39949,2026-04-26T00:38:11Z,B1,GPS_UPDATE,"{""lat"": 14.545175, ""lon"": -90.437846, ""gps_time"": ""2026-04-26T00:38:09Z""}"
39948,2026-04-26T00:38:11Z,S1,RENTAL_REQUEST_DENIED,"{""user_id"": ""U1"", ""bike_id"": ""B1"", ""reason"": ""user_has_active_rental""}"
39950,2026-04-26T00:38:16Z,S1,RENTAL_COMPLETED,"{""rental_id"": ""4e65f26a-0147-4e30-b3be-0c5da1da3ebe"", ""bike_id"": ""B1"", ""end_station_id"": ""S1"", ""duration_minutes"": 26.92, ""simulated_cost"": 26.92, ""balance_remaining"": 24.37}"
39951,2026-04-26T00:38:20Z,S1,STATION_HEARTBEAT,"{""dock_occupied"": 1, ""power_connected"": true}"
39952,2026-04-26T00:38:27Z,S1,RENTAL_REQUEST_DENIED,"{""user_id"": ""U1"", ""bike_id"": ""B1"", ""reason"": ""insufficient_balance""}"
39953,2026-04-26T00:38:30Z,S1,STATION_HEARTBEAT,"{""dock_occupied"": 1, ""power_connected"": true}"
39954,2026-04-26T00:38:35Z,S1,STATION_HEARTBEAT,"{""dock_occupied"": 1, ""power_connected"": true}"
39955,2026-04-26T00:38:39Z,B1,GPS_UPDATE,"{""lat"": 14.545178, ""lon"": -90.437843, ""gps_time"": ""2026-04-26T00:38:39Z""}"
39956,2026-04-26T00:38:45Z,S1,STATION_HEARTBEAT,"{""dock_occupied"": 1, ""power_connected"": true}"
39957,2026-04-26T00:38:50Z,S1,STATION_HEARTBEAT,"{""dock_occupied"": 1, ""power_connected"": true}"
39958,2026-04-26T00:38:55Z,S1,STATION_HEARTBEAT,"{""dock_occupied"": 1, ""power_connected"": true}"
39959,2026-04-26T00:39:00Z,S1,STATION_HEARTBEAT,"{""dock_occupied"": 1, ""power_connected"": true}"
39960,2026-04-26T00:39:05Z,S1,STATION_HEARTBEAT,"{""dock_occupied"": 1, ""power_connected"": true}"
39961,2026-04-26T00:39:09Z,B1,GPS_UPDATE,"{""lat"": 14.545179, ""lon"": -90.437847, ""gps_time"": ""2026-04-26T00:39:09Z""}"
39962,2026-04-26T00:39:15Z,S1,STATION_HEARTBEAT,"{""dock_occupied"": 1, ""power_connected"": true}"
39963,2026-04-26T00:39:20Z,S1,STATION_HEARTBEAT,"{""dock_occupied"": 1, ""power_connected"": true}"
39964,2026-04-26T00:39:25Z,S1,STATION_HEARTBEAT,"{""dock_occupied"": 1, ""power_connected"": true}"
39965,2026-04-26T00:39:30Z,S1,STATION_HEARTBEAT,"{""dock_occupied"": 1, ""power_connected"": true}"
39966,2026-04-26T00:39:35Z,S1,STATION_HEARTBEAT,"{""dock_occupied"": 1, ""power_connected"": true}"
39967,2026-04-26T00:39:39Z,B1,GPS_UPDATE,"{""lat"": 14.545184, ""lon"": -90.43785, ""gps_time"": ""2026-04-26T00:39:39Z""}"
39968,2026-04-26T00:39:45Z,S1,STATION_HEARTBEAT,"{""dock_occupied"": 1, ""power_connected"": true}"
39969,2026-04-26T00:39:50Z,S1,STATION_HEARTBEAT,"{""dock_occupied"": 1, ""power_connected"": true}"
39970,2026-04-26T00:39:55Z,S1,STATION_HEARTBEAT,"{""dock_occupied"": 1, ""power_connected"": true}"
39971,2026-04-26T00:40:00Z,S1,STATION_HEARTBEAT,"{""dock_occupied"": 1, ""power_connected"": true}"
39972,2026-04-26T00:40:05Z,S1,STATION_HEARTBEAT,"{""dock_occupied"": 1, ""power_connected"": true}"
39973,2026-04-26T00:40:08Z,U1,TOPUP,"{""user_id"": ""U1"", ""code"": ""DP2M124H"", ""amount"": 30.0, ""new_balance"": 54.370000000000005}"
39975,2026-04-26T00:40:10Z,S1,STATION_HEARTBEAT,"{""dock_occupied"": 1, ""power_connected"": true}"
39974,2026-04-26T00:40:10Z,B1,GPS_UPDATE,"{""lat"": 14.545187, ""lon"": -90.437849, ""gps_time"": ""2026-04-26T00:40:09Z""}"
39977,2026-04-26T00:40:15Z,S1,RENTAL_STARTED,"{""rental_id"": ""f90045f4-e6a8-43c0-a10c-5753f351c79b"", ""user_id"": ""U1"", ""bike_id"": ""B1"", ""start_station_id"": ""S1"", ""start_time"": ""2026-04-26T00:40:15Z""}"
39976,2026-04-26T00:40:15Z,S1,STATION_HEARTBEAT,"{""dock_occupied"": 1, ""power_connected"": true}"
39978,2026-04-26T00:40:20Z,S1,STATION_HEARTBEAT,"{""dock_occupied"": 1, ""power_connected"": true}"
39979,2026-04-26T00:40:25Z,S1,STATION_HEARTBEAT,"{""dock_occupied"": 1, ""power_connected"": true}"
39980,2026-04-26T00:40:30Z,S1,STATION_HEARTBEAT,"{""dock_occupied"": 1, ""power_connected"": true}"
39981,2026-04-26T00:40:35Z,S1,STATION_HEARTBEAT,"{""dock_occupied"": 1, ""power_connected"": true}"
39983,2026-04-26T00:40:39Z,B1,GPS_UPDATE,"{""lat"": 14.545185, ""lon"": -90.437849, ""gps_time"": ""2026-04-26T00:40:39Z""}"
39982,2026-04-26T00:40:39Z,B1,GEOFENCE_BREACH,"{""lat"": 14.545185, ""lon"": -90.437849, ""dist_m"": 9966.5, ""rental_id"": ""f90045f4-e6a8-43c0-a10c-5753f351c79b""}"
39984,2026-04-26T00:40:40Z,S1,STATION_HEARTBEAT,"{""dock_occupied"": 1, ""power_connected"": true}"
39985,2026-04-26T00:41:09Z,B1,GPS_UPDATE,"{""lat"": 14.545187, ""lon"": -90.43785, ""gps_time"": ""2026-04-26T00:41:09Z""}"
39986,2026-04-26T00:41:39Z,B1,GPS_UPDATE,"{""lat"": 14.545186, ""lon"": -90.437852, ""gps_time"": ""2026-04-26T00:41:39Z""}"
39987,2026-04-26T00:42:09Z,B1,GPS_UPDATE,"{""lat"": 14.545181, ""lon"": -90.437859, ""gps_time"": ""2026-04-26T00:42:09Z""}"
39988,2026-04-26T00:42:39Z,B1,GPS_UPDATE,"{""lat"": 14.545174, ""lon"": -90.437863, ""gps_time"": ""2026-04-26T00:42:39Z""}"
39989,2026-04-26T00:43:09Z,B1,GPS_UPDATE,"{""lat"": 14.545176, ""lon"": -90.43786, ""gps_time"": ""2026-04-26T00:43:09Z""}"
39990,2026-04-26T00:43:39Z,B1,GPS_UPDATE,"{""lat"": 14.545172, ""lon"": -90.437869, ""gps_time"": ""2026-04-26T00:43:39Z""}"
39991,2026-04-26T00:44:09Z,B1,GPS_UPDATE,"{""lat"": 14.545175, ""lon"": -90.437872, ""gps_time"": ""2026-04-26T00:44:09Z""}"
39992,2026-04-26T00:44:39Z,B1,GPS_UPDATE,"{""lat"": 14.54517, ""lon"": -90.437873, ""gps_time"": ""2026-04-26T00:44:39Z""}"
39993,2026-04-26T00:45:09Z,B1,GPS_UPDATE,"{""lat"": 14.545169, ""lon"": -90.43787, ""gps_time"": ""2026-04-26T00:45:09Z""}"
39994,2026-04-26T00:45:39Z,B1,GPS_UPDATE,"{""lat"": 14.545169, ""lon"": -90.43787, ""gps_time"": ""2026-04-26T00:45:39Z""}"
39995,2026-04-26T00:46:09Z,B1,GPS_UPDATE,"{""lat"": 14.545165, ""lon"": -90.437867, ""gps_time"": ""2026-04-26T00:46:09Z""}"
39996,2026-04-26T00:46:39Z,B1,GPS_UPDATE,"{""lat"": 14.545157, ""lon"": -90.43786, ""gps_time"": ""2026-04-26T00:46:39Z""}"
39997,2026-04-26T00:47:09Z,B1,GPS_UPDATE,"{""lat"": 14.545154, ""lon"": -90.437855, ""gps_time"": ""2026-04-26T00:47:09Z""}"
39998,2026-04-26T00:47:39Z,B1,GPS_UPDATE,"{""lat"": 14.545151, ""lon"": -90.437856, ""gps_time"": ""2026-04-26T00:47:39Z""}"
39999,2026-04-26T00:48:03Z,S1,STATION_HEARTBEAT,"{""dock_occupied"": 1, ""power_connected"": true}"
40000,2026-04-26T00:48:08Z,S1,STATION_HEARTBEAT,"{""dock_occupied"": 1, ""power_connected"": true}"
40001,2026-04-26T00:48:09Z,B1,GPS_UPDATE,"{""lat"": 14.545148, ""lon"": -90.437858, ""gps_time"": ""2026-04-26T00:48:09Z""}"
40002,2026-04-26T00:48:13Z,S1,STATION_HEARTBEAT,"{""dock_occupied"": 1, ""power_connected"": true}"
40003,2026-04-26T00:48:18Z,S1,STATION_HEARTBEAT,"{""dock_occupied"": 1, ""power_connected"": true}"
40004,2026-04-26T00:48:23Z,S1,STATION_HEARTBEAT,"{""dock_occupied"": 1, ""power_connected"": true}"
40005,2026-04-26T00:49:43Z,S1,STATION_HEARTBEAT,"{""dock_occupied"": 1, ""power_connected"": true}"
40006,2026-04-26T00:49:48Z,S1,STATION_HEARTBEAT,"{""dock_occupied"": 1, ""power_connected"": true}"
40007,2026-04-26T00:49:53Z,S1,STATION_HEARTBEAT,"{""dock_occupied"": 1, ""power_connected"": true}"
40008,2026-04-26T00:49:58Z,S1,STATION_HEARTBEAT,"{""dock_occupied"": 1, ""power_connected"": true}"
40009,2026-04-26T00:50:03Z,S1,STATION_HEARTBEAT,"{""dock_occupied"": 1, ""power_connected"": true}"
40010,2026-04-26T00:50:08Z,S1,STATION_HEARTBEAT,"{""dock_occupied"": 1, ""power_connected"": true}"
40011,2026-04-26T00:50:09Z,B1,GPS_UPDATE,"{""lat"": 14.545143, ""lon"": -90.43788, ""gps_time"": ""2026-04-26T00:50:09Z""}"
40012,2026-04-26T00:50:13Z,S1,STATION_HEARTBEAT,"{""dock_occupied"": 1, ""power_connected"": true}"
40013,2026-04-26T00:50:18Z,S1,STATION_HEARTBEAT,"{""dock_occupied"": 1, ""power_connected"": true}"
40014,2026-04-26T00:50:23Z,S1,STATION_HEARTBEAT,"{""dock_occupied"": 1, ""power_connected"": true}"
40015,2026-04-26T00:50:30Z,S1,RENTAL_REQUEST_DENIED,"{""user_id"": ""U1"", ""bike_id"": ""B1"", ""reason"": ""user_has_active_rental""}"
40016,2026-04-26T00:50:33Z,S1,STATION_HEARTBEAT,"{""dock_occupied"": 1, ""power_connected"": true}"
40017,2026-04-26T00:50:38Z,S1,STATION_HEARTBEAT,"{""dock_occupied"": 1, ""power_connected"": true}"
40018,2026-04-26T00:50:39Z,B1,GPS_UPDATE,"{""lat"": 14.545147, ""lon"": -90.437877, ""gps_time"": ""2026-04-26T00:50:39Z""}"
40019,2026-04-26T00:50:43Z,S1,STATION_HEARTBEAT,"{""dock_occupied"": 1, ""power_connected"": true}"
40020,2026-04-26T00:50:48Z,S1,STATION_HEARTBEAT,"{""dock_occupied"": 1, ""power_connected"": true}"
40021,2026-04-26T00:50:53Z,S1,STATION_HEARTBEAT,"{""dock_occupied"": 1, ""power_connected"": true}"
40022,2026-04-26T00:50:58Z,S1,STATION_HEARTBEAT,"{""dock_occupied"": 1, ""power_connected"": true}"
40023,2026-04-26T00:51:03Z,S1,STATION_HEARTBEAT,"{""dock_occupied"": 1, ""power_connected"": true}"
40024,2026-04-26T00:51:08Z,S1,STATION_HEARTBEAT,"{""dock_occupied"": 1, ""power_connected"": true}"
40025,2026-04-26T00:51:09Z,B1,GPS_UPDATE,"{""lat"": 14.545149, ""lon"": -90.437871, ""gps_time"": ""2026-04-26T00:51:09Z""}"
40026,2026-04-26T00:51:13Z,S1,STATION_HEARTBEAT,"{""dock_occupied"": 1, ""power_connected"": true}"
40027,2026-04-26T00:51:17Z,S1,RENTAL_REQUEST_DENIED,"{""user_id"": ""U1"", ""bike_id"": ""B1"", ""reason"": ""user_has_active_rental""}"
40028,2026-04-26T00:51:23Z,S1,STATION_HEARTBEAT,"{""dock_occupied"": 1, ""power_connected"": true}"
40029,2026-04-26T00:51:28Z,S1,RENTAL_COMPLETED,"{""rental_id"": ""f90045f4-e6a8-43c0-a10c-5753f351c79b"", ""bike_id"": ""B1"", ""end_station_id"": ""S1"", ""duration_minutes"": 11.18, ""simulated_cost"": 11.18, ""balance_remaining"": 43.19}"
40030,2026-04-26T00:51:33Z,S1,STATION_HEARTBEAT,"{""dock_occupied"": 1, ""power_connected"": true}"
40031,2026-04-26T00:51:38Z,S1,STATION_HEARTBEAT,"{""dock_occupied"": 1, ""power_connected"": true}"
40032,2026-04-26T00:51:39Z,B1,GPS_UPDATE,"{""lat"": 14.545151, ""lon"": -90.43787, ""gps_time"": ""2026-04-26T00:51:39Z""}"
40033,2026-04-26T00:51:43Z,S1,STATION_HEARTBEAT,"{""dock_occupied"": 1, ""power_connected"": true}"
40034,2026-04-26T00:51:50Z,S1,RENTAL_REQUEST_DENIED,"{""user_id"": ""U1"", ""bike_id"": ""B1"", ""reason"": ""insufficient_balance""}"
40035,2026-04-26T00:51:53Z,S1,STATION_HEARTBEAT,"{""dock_occupied"": 1, ""power_connected"": true}"
40036,2026-04-26T00:51:58Z,S1,STATION_HEARTBEAT,"{""dock_occupied"": 1, ""power_connected"": true}"
40037,2026-04-26T00:52:03Z,S1,STATION_HEARTBEAT,"{""dock_occupied"": 1, ""power_connected"": true}"
40039,2026-04-26T00:52:08Z,U1,TOPUP_FAILED,"{""user_id"": ""U1"", ""code"": ""ZNIH792"", ""reason"": ""invalid_code""}"
40038,2026-04-26T00:52:08Z,S1,STATION_HEARTBEAT,"{""dock_occupied"": 1, ""power_connected"": true}"
40040,2026-04-26T00:52:10Z,B1,GPS_UPDATE,"{""lat"": 14.545151, ""lon"": -90.437872, ""gps_time"": ""2026-04-26T00:52:09Z""}"
40041,2026-04-26T00:52:13Z,S1,STATION_HEARTBEAT,"{""dock_occupied"": 1, ""power_connected"": true}"
40042,2026-04-26T00:52:18Z,S1,STATION_HEARTBEAT,"{""dock_occupied"": 1, ""power_connected"": true}"
40043,2026-04-26T00:52:22Z,U1,TOPUP,"{""user_id"": ""U1"", ""code"": ""1ZNIH792"", ""amount"": 50.0, ""new_balance"": 93.19}"
40044,2026-04-26T00:52:28Z,S1,STATION_HEARTBEAT,"{""dock_occupied"": 1, ""power_connected"": true}"
40045,2026-04-26T00:52:33Z,S1,STATION_HEARTBEAT,"{""dock_occupied"": 1, ""power_connected"": true}"
40046,2026-04-26T00:52:37Z,S1,RENTAL_STARTED,"{""rental_id"": ""0b1a2adb-a9da-4080-88bb-20aa6d339a38"", ""user_id"": ""U1"", ""bike_id"": ""B1"", ""start_station_id"": ""S1"", ""start_time"": ""2026-04-26T00:52:37Z""}"
40047,2026-04-26T00:52:38Z,S1,STATION_HEARTBEAT,"{""dock_occupied"": 1, ""power_connected"": true}"
40049,2026-04-26T00:52:39Z,B1,GPS_UPDATE,"{""lat"": 14.545158, ""lon"": -90.437868, ""gps_time"": ""2026-04-26T00:52:39Z""}"
40048,2026-04-26T00:52:39Z,B1,GEOFENCE_BREACH,"{""lat"": 14.545158, ""lon"": -90.437868, ""dist_m"": 9967.0, ""rental_id"": ""0b1a2adb-a9da-4080-88bb-20aa6d339a38""}"
40050,2026-04-26T00:52:43Z,S1,STATION_HEARTBEAT,"{""dock_occupied"": 1, ""power_connected"": true}"
40051,2026-04-26T00:52:50Z,S1,RENTAL_REQUEST_DENIED,"{""user_id"": ""U1"", ""bike_id"": ""B1"", ""reason"": ""user_has_active_rental""}"
40052,2026-04-26T00:52:53Z,S1,STATION_HEARTBEAT,"{""dock_occupied"": 1, ""power_connected"": true}"
40053,2026-04-26T00:52:59Z,S1,RENTAL_COMPLETED,"{""rental_id"": ""0b1a2adb-a9da-4080-88bb-20aa6d339a38"", ""bike_id"": ""B1"", ""end_station_id"": ""S1"", ""duration_minutes"": 0.33, ""simulated_cost"": 1.0, ""balance_remaining"": 92.19}"
40054,2026-04-26T00:53:04Z,S1,STATION_HEARTBEAT,"{""dock_occupied"": 1, ""power_connected"": true}"
40055,2026-04-26T00:53:08Z,S1,STATION_HEARTBEAT,"{""dock_occupied"": 1, ""power_connected"": true}"
40056,2026-04-26T00:53:09Z,B1,GPS_UPDATE,"{""lat"": 14.545159, ""lon"": -90.43787, ""gps_time"": ""2026-04-26T00:53:09Z""}"
40057,2026-04-26T00:53:13Z,S1,STATION_HEARTBEAT,"{""dock_occupied"": 1, ""power_connected"": true}"
40058,2026-04-26T00:53:18Z,S1,STATION_HEARTBEAT,"{""dock_occupied"": 1, ""power_connected"": true}"
40059,2026-04-26T00:53:39Z,B1,GPS_UPDATE,"{""lat"": 14.545156, ""lon"": -90.437869, ""gps_time"": ""2026-04-26T00:53:39Z""}"
40060,2026-04-28T14:11:43Z,S1,STATION_HEARTBEAT,"{""dock_occupied"": 1, ""power_connected"": true}"
40061,2026-04-28T14:11:47Z,S1,STATION_HEARTBEAT,"{""dock_occupied"": 1, ""power_connected"": true}"
40062,2026-04-28T14:11:52Z,S1,STATION_HEARTBEAT,"{""dock_occupied"": 1, ""power_connected"": true}"
40063,2026-04-28T14:11:58Z,S1,STATION_HEARTBEAT,"{""dock_occupied"": 1, ""power_connected"": true}"
40064,2026-04-28T14:12:03Z,S1,STATION_HEARTBEAT,"{""dock_occupied"": 1, ""power_connected"": true}"
40065,2026-04-28T14:12:08Z,S1,STATION_HEARTBEAT,"{""dock_occupied"": 1, ""power_connected"": true}"
40066,2026-04-28T14:12:13Z,S1,STATION_HEARTBEAT,"{""dock_occupied"": 1, ""power_connected"": true}"
40067,2026-04-28T14:12:18Z,S1,STATION_HEARTBEAT,"{""dock_occupied"": 1, ""power_connected"": true}"
40068,2026-04-28T14:12:23Z,S1,STATION_HEARTBEAT,"{""dock_occupied"": 1, ""power_connected"": true}"
40069,2026-04-28T14:12:28Z,S1,STATION_HEARTBEAT,"{""dock_occupied"": 1, ""power_connected"": true}"
40070,2026-04-28T14:12:33Z,S1,STATION_HEARTBEAT,"{""dock_occupied"": 1, ""power_connected"": true}"
40071,2026-04-28T14:12:38Z,S1,STATION_HEARTBEAT,"{""dock_occupied"": 1, ""power_connected"": true}"
40072,2026-04-28T14:12:43Z,S1,STATION_HEARTBEAT,"{""dock_occupied"": 1, ""power_connected"": true}"
40073,2026-04-28T14:12:48Z,S1,STATION_HEARTBEAT,"{""dock_occupied"": 1, ""power_connected"": true}"
40074,2026-04-28T14:12:53Z,S1,STATION_HEARTBEAT,"{""dock_occupied"": 1, ""power_connected"": true}"
40075,2026-04-28T14:12:58Z,S1,STATION_HEARTBEAT,"{""dock_occupied"": 1, ""power_connected"": true}"
40076,2026-04-28T14:13:03Z,S1,STATION_HEARTBEAT,"{""dock_occupied"": 1, ""power_connected"": true}"
40077,2026-04-28T14:13:08Z,S1,STATION_HEARTBEAT,"{""dock_occupied"": 1, ""power_connected"": true}"
40078,2026-04-28T14:13:13Z,S1,STATION_HEARTBEAT,"{""dock_occupied"": 1, ""power_connected"": true}"
40079,2026-04-28T14:13:18Z,S1,STATION_HEARTBEAT,"{""dock_occupied"": 1, ""power_connected"": true}"
40080,2026-04-28T14:13:23Z,S1,STATION_HEARTBEAT,"{""dock_occupied"": 1, ""power_connected"": true}"
40081,2026-04-28T14:13:28Z,S1,STATION_HEARTBEAT,"{""dock_occupied"": 1, ""power_connected"": true}"
40082,2026-04-28T14:13:33Z,S1,STATION_HEARTBEAT,"{""dock_occupied"": 1, ""power_connected"": true}"
40083,2026-04-28T14:13:38Z,S1,STATION_HEARTBEAT,"{""dock_occupied"": 1, ""power_connected"": true}"
40084,2026-04-28T14:13:43Z,S1,STATION_HEARTBEAT,"{""dock_occupied"": 1, ""power_connected"": true}"
40085,2026-04-28T14:13:48Z,S1,STATION_HEARTBEAT,"{""dock_occupied"": 1, ""power_connected"": true}"
40086,2026-04-28T14:13:53Z,S1,STATION_HEARTBEAT,"{""dock_occupied"": 1, ""power_connected"": true}"
40087,2026-04-28T14:13:58Z,S1,STATION_HEARTBEAT,"{""dock_occupied"": 1, ""power_connected"": true}"
40088,2026-04-28T14:14:44Z,S1,STATION_HEARTBEAT,"{""dock_occupied"": 1, ""power_connected"": true}"
40089,2026-04-28T14:14:49Z,S1,STATION_HEARTBEAT,"{""dock_occupied"": 1, ""power_connected"": true}"
40090,2026-04-28T14:14:54Z,S1,STATION_HEARTBEAT,"{""dock_occupied"": 1, ""power_connected"": true}"
40091,2026-04-28T14:14:59Z,S1,STATION_HEARTBEAT,"{""dock_occupied"": 1, ""power_connected"": true}"
40092,2026-04-28T14:15:04Z,S1,STATION_HEARTBEAT,"{""dock_occupied"": 1, ""power_connected"": true}"
40093,2026-04-28T14:15:09Z,S1,STATION_HEARTBEAT,"{""dock_occupied"": 1, ""power_connected"": true}"
40094,2026-04-28T14:15:14Z,S1,STATION_HEARTBEAT,"{""dock_occupied"": 1, ""power_connected"": true}"
40095,2026-04-28T14:15:19Z,S1,STATION_HEARTBEAT,"{""dock_occupied"": 1, ""power_connected"": true}"
40096,2026-04-28T14:15:24Z,S1,STATION_HEARTBEAT,"{""dock_occupied"": 1, ""power_connected"": true}"
40097,2026-04-28T14:15:29Z,S1,STATION_HEARTBEAT,"{""dock_occupied"": 1, ""power_connected"": true}"
40098,2026-04-28T14:15:34Z,S1,STATION_HEARTBEAT,"{""dock_occupied"": 1, ""power_connected"": true}"
40099,2026-04-28T14:15:39Z,S1,STATION_HEARTBEAT,"{""dock_occupied"": 1, ""power_connected"": true}"
40100,2026-04-28T14:15:44Z,S1,STATION_HEARTBEAT,"{""dock_occupied"": 1, ""power_connected"": true}"
40101,2026-04-28T14:15:49Z,S1,STATION_HEARTBEAT,"{""dock_occupied"": 1, ""power_connected"": true}"
40102,2026-04-28T14:15:54Z,S1,STATION_HEARTBEAT,"{""dock_occupied"": 1, ""power_connected"": true}"
40103,2026-04-28T14:15:59Z,S1,STATION_HEARTBEAT,"{""dock_occupied"": 1, ""power_connected"": true}"
40104,2026-04-28T14:16:04Z,S1,STATION_HEARTBEAT,"{""dock_occupied"": 1, ""power_connected"": true}"
40105,2026-04-28T14:16:09Z,S1,STATION_HEARTBEAT,"{""dock_occupied"": 1, ""power_connected"": true}"
40106,2026-04-28T14:16:14Z,S1,STATION_HEARTBEAT,"{""dock_occupied"": 1, ""power_connected"": true}"
40107,2026-04-28T14:16:19Z,S1,STATION_HEARTBEAT,"{""dock_occupied"": 1, ""power_connected"": true}"
40108,2026-04-28T14:16:24Z,S1,STATION_HEARTBEAT,"{""dock_occupied"": 1, ""power_connected"": true}"
40109,2026-04-28T14:16:29Z,S1,STATION_HEARTBEAT,"{""dock_occupied"": 1, ""power_connected"": true}"
40110,2026-04-28T14:16:34Z,S1,STATION_HEARTBEAT,"{""dock_occupied"": 1, ""power_connected"": true}"
40111,2026-04-28T14:16:39Z,S1,STATION_HEARTBEAT,"{""dock_occupied"": 1, ""power_connected"": true}"
40112,2026-04-28T14:16:44Z,S1,STATION_HEARTBEAT,"{""dock_occupied"": 1, ""power_connected"": true}"
40113,2026-04-28T14:16:49Z,S1,STATION_HEARTBEAT,"{""dock_occupied"": 1, ""power_connected"": true}"
40114,2026-04-28T14:16:54Z,S1,STATION_HEARTBEAT,"{""dock_occupied"": 1, ""power_connected"": true}"
40115,2026-04-28T14:16:59Z,S1,STATION_HEARTBEAT,"{""dock_occupied"": 1, ""power_connected"": true}"
40116,2026-04-28T14:17:04Z,S1,STATION_HEARTBEAT,"{""dock_occupied"": 1, ""power_connected"": true}"
40117,2026-04-28T14:17:09Z,S1,STATION_HEARTBEAT,"{""dock_occupied"": 1, ""power_connected"": true}"
40118,2026-04-28T14:17:14Z,S1,STATION_HEARTBEAT,"{""dock_occupied"": 1, ""power_connected"": true}"
40119,2026-04-28T14:17:19Z,S1,STATION_HEARTBEAT,"{""dock_occupied"": 1, ""power_connected"": true}"
40120,2026-04-28T14:17:24Z,S1,STATION_HEARTBEAT,"{""dock_occupied"": 1, ""power_connected"": true}"
40121,2026-04-28T14:17:29Z,S1,STATION_HEARTBEAT,"{""dock_occupied"": 1, ""power_connected"": true}"
40122,2026-04-28T14:17:34Z,S1,STATION_HEARTBEAT,"{""dock_occupied"": 1, ""power_connected"": true}"
40123,2026-04-28T14:17:39Z,S1,STATION_HEARTBEAT,"{""dock_occupied"": 1, ""power_connected"": true}"
40124,2026-04-28T14:17:44Z,S1,STATION_HEARTBEAT,"{""dock_occupied"": 1, ""power_connected"": true}"
40125,2026-04-28T14:17:49Z,S1,STATION_HEARTBEAT,"{""dock_occupied"": 1, ""power_connected"": true}"
40126,2026-04-28T14:17:54Z,S1,STATION_HEARTBEAT,"{""dock_occupied"": 1, ""power_connected"": true}"
40127,2026-04-28T14:17:59Z,S1,STATION_HEARTBEAT,"{""dock_occupied"": 1, ""power_connected"": true}"
40128,2026-04-28T14:18:04Z,S1,STATION_HEARTBEAT,"{""dock_occupied"": 1, ""power_connected"": true}"
40129,2026-04-28T14:18:09Z,S1,STATION_HEARTBEAT,"{""dock_occupied"": 1, ""power_connected"": true}"
40130,2026-04-28T14:18:14Z,S1,STATION_HEARTBEAT,"{""dock_occupied"": 1, ""power_connected"": true}"
40131,2026-04-28T14:18:19Z,S1,STATION_HEARTBEAT,"{""dock_occupied"": 1, ""power_connected"": true}"
40132,2026-04-28T14:18:24Z,S1,STATION_HEARTBEAT,"{""dock_occupied"": 1, ""power_connected"": true}"
40133,2026-04-28T14:18:29Z,S1,STATION_HEARTBEAT,"{""dock_occupied"": 1, ""power_connected"": true}"
40134,2026-04-28T14:18:34Z,S1,STATION_HEARTBEAT,"{""dock_occupied"": 1, ""power_connected"": true}"
40135,2026-04-28T14:18:39Z,S1,STATION_HEARTBEAT,"{""dock_occupied"": 1, ""power_connected"": true}"
40136,2026-04-28T14:18:44Z,S1,STATION_HEARTBEAT,"{""dock_occupied"": 1, ""power_connected"": true}"
40137,2026-04-28T14:18:49Z,S1,STATION_HEARTBEAT,"{""dock_occupied"": 1, ""power_connected"": true}"
40138,2026-04-28T14:18:54Z,S1,STATION_HEARTBEAT,"{""dock_occupied"": 1, ""power_connected"": true}"
40139,2026-04-28T14:18:59Z,S1,STATION_HEARTBEAT,"{""dock_occupied"": 1, ""power_connected"": true}"
40140,2026-04-28T14:19:04Z,S1,STATION_HEARTBEAT,"{""dock_occupied"": 1, ""power_connected"": true}"
40141,2026-04-28T14:19:10Z,S1,STATION_HEARTBEAT,"{""dock_occupied"": 1, ""power_connected"": true}"
40142,2026-04-28T14:19:14Z,S1,STATION_HEARTBEAT,"{""dock_occupied"": 1, ""power_connected"": true}"
40143,2026-04-28T14:19:20Z,S1,STATION_HEARTBEAT,"{""dock_occupied"": 1, ""power_connected"": true}"
40144,2026-04-28T14:19:24Z,S1,STATION_HEARTBEAT,"{""dock_occupied"": 1, ""power_connected"": true}"
40145,2026-04-28T14:19:29Z,S1,STATION_HEARTBEAT,"{""dock_occupied"": 1, ""power_connected"": true}"
40146,2026-04-28T14:19:35Z,S1,STATION_HEARTBEAT,"{""dock_occupied"": 1, ""power_connected"": true}"
40147,2026-04-28T14:19:46Z,S1,STATION_HEARTBEAT,"{""dock_occupied"": 1, ""power_connected"": true}"
40148,2026-04-28T14:19:51Z,S1,STATION_HEARTBEAT,"{""dock_occupied"": 1, ""power_connected"": true}"
40149,2026-04-28T14:19:56Z,S1,STATION_HEARTBEAT,"{""dock_occupied"": 1, ""power_connected"": true}"
40150,2026-04-28T14:20:01Z,S1,STATION_HEARTBEAT,"{""dock_occupied"": 1, ""power_connected"": true}"
40151,2026-04-28T14:20:06Z,S1,STATION_HEARTBEAT,"{""dock_occupied"": 1, ""power_connected"": true}"
40152,2026-04-28T14:20:11Z,S1,STATION_HEARTBEAT,"{""dock_occupied"": 1, ""power_connected"": true}"
40153,2026-04-28T14:20:16Z,S1,STATION_HEARTBEAT,"{""dock_occupied"": 1, ""power_connected"": true}"
40154,2026-04-28T14:20:21Z,S1,STATION_HEARTBEAT,"{""dock_occupied"": 1, ""power_connected"": true}"
40155,2026-04-28T14:20:26Z,S1,STATION_HEARTBEAT,"{""dock_occupied"": 1, ""power_connected"": true}"
40156,2026-04-28T14:20:31Z,S1,STATION_HEARTBEAT,"{""dock_occupied"": 1, ""power_connected"": true}"
40157,2026-04-28T14:20:36Z,S1,STATION_HEARTBEAT,"{""dock_occupied"": 1, ""power_connected"": true}"
40158,2026-04-28T14:20:41Z,S1,STATION_HEARTBEAT,"{""dock_occupied"": 1, ""power_connected"": true}"
40159,2026-04-28T14:20:46Z,S1,STATION_HEARTBEAT,"{""dock_occupied"": 1, ""power_connected"": true}"
40160,2026-04-28T14:20:51Z,S1,STATION_HEARTBEAT,"{""dock_occupied"": 1, ""power_connected"": true}"
40161,2026-04-28T14:20:56Z,S1,STATION_HEARTBEAT,"{""dock_occupied"": 1, ""power_connected"": true}"
40162,2026-04-28T14:21:01Z,S1,STATION_HEARTBEAT,"{""dock_occupied"": 1, ""power_connected"": true}"
40163,2026-04-28T14:21:06Z,S1,STATION_HEARTBEAT,"{""dock_occupied"": 1, ""power_connected"": true}"
40164,2026-04-28T14:21:11Z,S1,STATION_HEARTBEAT,"{""dock_occupied"": 1, ""power_connected"": true}"
40165,2026-04-28T14:21:16Z,S1,STATION_HEARTBEAT,"{""dock_occupied"": 1, ""power_connected"": true}"
40166,2026-04-28T14:21:21Z,S1,STATION_HEARTBEAT,"{""dock_occupied"": 1, ""power_connected"": true}"
40167,2026-04-28T14:21:26Z,S1,STATION_HEARTBEAT,"{""dock_occupied"": 1, ""power_connected"": true}"
40168,2026-04-28T14:21:31Z,S1,STATION_HEARTBEAT,"{""dock_occupied"": 1, ""power_connected"": true}"
40169,2026-04-28T14:21:36Z,S1,STATION_HEARTBEAT,"{""dock_occupied"": 1, ""power_connected"": true}"
40170,2026-04-28T14:21:41Z,S1,STATION_HEARTBEAT,"{""dock_occupied"": 1, ""power_connected"": true}"
40171,2026-04-28T14:21:46Z,S1,STATION_HEARTBEAT,"{""dock_occupied"": 1, ""power_connected"": true}"
40172,2026-04-28T14:21:51Z,S1,STATION_HEARTBEAT,"{""dock_occupied"": 1, ""power_connected"": true}"
40173,2026-04-28T14:21:56Z,S1,STATION_HEARTBEAT,"{""dock_occupied"": 1, ""power_connected"": true}"
40174,2026-04-28T14:22:01Z,S1,STATION_HEARTBEAT,"{""dock_occupied"": 1, ""power_connected"": true}"
40175,2026-04-28T14:22:06Z,S1,STATION_HEARTBEAT,"{""dock_occupied"": 1, ""power_connected"": true}"
40176,2026-04-28T14:22:11Z,S1,STATION_HEARTBEAT,"{""dock_occupied"": 1, ""power_connected"": true}"
40177,2026-04-28T14:22:16Z,S1,STATION_HEARTBEAT,"{""dock_occupied"": 1, ""power_connected"": true}"
40178,2026-04-28T14:22:21Z,S1,STATION_HEARTBEAT,"{""dock_occupied"": 1, ""power_connected"": true}"
40179,2026-04-28T14:22:26Z,S1,STATION_HEARTBEAT,"{""dock_occupied"": 1, ""power_connected"": true}"
40180,2026-04-28T14:22:31Z,S1,STATION_HEARTBEAT,"{""dock_occupied"": 1, ""power_connected"": true}"
40181,2026-04-28T14:22:36Z,S1,STATION_HEARTBEAT,"{""dock_occupied"": 1, ""power_connected"": true}"
40182,2026-04-28T14:22:41Z,S1,STATION_HEARTBEAT,"{""dock_occupied"": 1, ""power_connected"": true}"
40183,2026-04-28T14:22:46Z,S1,STATION_HEARTBEAT,"{""dock_occupied"": 1, ""power_connected"": true}"
40184,2026-04-28T14:22:51Z,S1,STATION_HEARTBEAT,"{""dock_occupied"": 1, ""power_connected"": true}"
40185,2026-04-28T14:22:57Z,S1,STATION_HEARTBEAT,"{""dock_occupied"": 1, ""power_connected"": true}"
40186,2026-04-28T14:23:02Z,S1,STATION_HEARTBEAT,"{""dock_occupied"": 1, ""power_connected"": true}"
40187,2026-04-28T14:23:07Z,S1,STATION_HEARTBEAT,"{""dock_occupied"": 1, ""power_connected"": true}"
40188,2026-04-28T14:23:12Z,S1,STATION_HEARTBEAT,"{""dock_occupied"": 1, ""power_connected"": true}"
40189,2026-04-28T14:23:17Z,S1,STATION_HEARTBEAT,"{""dock_occupied"": 1, ""power_connected"": true}"
40190,2026-04-28T14:23:22Z,S1,STATION_HEARTBEAT,"{""dock_occupied"": 1, ""power_connected"": true}"
40191,2026-04-28T14:23:27Z,S1,STATION_HEARTBEAT,"{""dock_occupied"": 1, ""power_connected"": true}"
40192,2026-04-28T14:23:32Z,S1,STATION_HEARTBEAT,"{""dock_occupied"": 1, ""power_connected"": true}"
40193,2026-04-28T14:23:37Z,S1,STATION_HEARTBEAT,"{""dock_occupied"": 1, ""power_connected"": true}"
40194,2026-04-28T14:23:51Z,S1,STATION_HEARTBEAT,"{""dock_occupied"": 1, ""power_connected"": true}"
40195,2026-04-28T14:23:56Z,S1,STATION_HEARTBEAT,"{""dock_occupied"": 1, ""power_connected"": true}"
40196,2026-04-28T14:24:01Z,S1,STATION_HEARTBEAT,"{""dock_occupied"": 1, ""power_connected"": true}"
40197,2026-04-28T14:24:06Z,S1,STATION_HEARTBEAT,"{""dock_occupied"": 1, ""power_connected"": true}"
40198,2026-04-28T14:24:11Z,S1,STATION_HEARTBEAT,"{""dock_occupied"": 1, ""power_connected"": true}"
40199,2026-04-28T14:24:16Z,S1,STATION_HEARTBEAT,"{""dock_occupied"": 1, ""power_connected"": true}"
40200,2026-04-28T14:24:21Z,S1,STATION_HEARTBEAT,"{""dock_occupied"": 1, ""power_connected"": true}"
40201,2026-04-28T14:24:26Z,S1,STATION_HEARTBEAT,"{""dock_occupied"": 1, ""power_connected"": true}"
40203,2026-04-28T14:24:31Z,S1,STATION_HEARTBEAT,"{""dock_occupied"": 1, ""power_connected"": true}"
40202,2026-04-28T14:24:31Z,S1,RENTAL_APPROVED,"{""user_id"": ""U1"", ""bike_id"": ""B1""}"
40204,2026-04-28T14:24:36Z,S1,STATION_HEARTBEAT,"{""dock_occupied"": 1, ""power_connected"": true}"
40205,2026-04-28T14:24:41Z,S1,STATION_HEARTBEAT,"{""dock_occupied"": 1, ""power_connected"": true}"
40206,2026-04-28T14:24:46Z,S1,STATION_HEARTBEAT,"{""dock_occupied"": 1, ""power_connected"": true}"
40207,2026-04-28T14:24:51Z,S1,STATION_HEARTBEAT,"{""dock_occupied"": 1, ""power_connected"": true}"
40208,2026-04-28T14:24:56Z,S1,STATION_HEARTBEAT,"{""dock_occupied"": 1, ""power_connected"": true}"
40209,2026-04-28T14:25:01Z,S1,STATION_HEARTBEAT,"{""dock_occupied"": 1, ""power_connected"": true}"
40210,2026-04-28T14:25:06Z,S1,STATION_HEARTBEAT,"{""dock_occupied"": 1, ""power_connected"": true}"
40211,2026-04-28T14:25:12Z,S1,STATION_HEARTBEAT,"{""dock_occupied"": 1, ""power_connected"": true}"
40212,2026-04-28T14:25:16Z,S1,STATION_HEARTBEAT,"{""dock_occupied"": 1, ""power_connected"": true}"
40213,2026-04-28T14:25:21Z,S1,STATION_HEARTBEAT,"{""dock_occupied"": 1, ""power_connected"": true}"
40214,2026-04-28T14:25:27Z,S1,STATION_HEARTBEAT,"{""dock_occupied"": 1, ""power_connected"": true}"
40215,2026-04-28T14:27:31Z,S1,STATION_HEARTBEAT,"{""dock_occupied"": 1, ""power_connected"": true}"
40216,2026-04-28T14:27:36Z,S1,STATION_HEARTBEAT,"{""dock_occupied"": 1, ""power_connected"": true}"
40217,2026-04-28T14:27:41Z,S1,STATION_HEARTBEAT,"{""dock_occupied"": 1, ""power_connected"": true}"
40218,2026-04-28T14:27:46Z,S1,STATION_HEARTBEAT,"{""dock_occupied"": 1, ""power_connected"": true}"
40219,2026-04-28T14:27:51Z,S1,STATION_HEARTBEAT,"{""dock_occupied"": 1, ""power_connected"": true}"
40220,2026-04-28T14:27:56Z,S1,STATION_HEARTBEAT,"{""dock_occupied"": 1, ""power_connected"": true}"
40221,2026-04-28T14:28:01Z,S1,STATION_HEARTBEAT,"{""dock_occupied"": 1, ""power_connected"": true}"
40222,2026-04-28T14:28:06Z,S1,STATION_HEARTBEAT,"{""dock_occupied"": 1, ""power_connected"": true}"
40223,2026-04-28T14:28:11Z,S1,STATION_HEARTBEAT,"{""dock_occupied"": 1, ""power_connected"": true}"
40224,2026-04-28T14:28:16Z,S1,STATION_HEARTBEAT,"{""dock_occupied"": 1, ""power_connected"": true}"
40225,2026-04-28T14:30:25Z,S1,STATION_HEARTBEAT,"{""dock_occupied"": 1, ""power_connected"": true}"
40226,2026-04-28T14:30:30Z,S1,STATION_HEARTBEAT,"{""dock_occupied"": 1, ""power_connected"": true}"
40227,2026-04-28T14:30:35Z,S1,STATION_HEARTBEAT,"{""dock_occupied"": 1, ""power_connected"": true}"
40228,2026-04-28T14:30:40Z,S1,STATION_HEARTBEAT,"{""dock_occupied"": 1, ""power_connected"": true}"
40229,2026-04-28T14:30:45Z,S1,STATION_HEARTBEAT,"{""dock_occupied"": 1, ""power_connected"": true}"
40230,2026-04-28T14:30:50Z,S1,STATION_HEARTBEAT,"{""dock_occupied"": 1, ""power_connected"": true}"
40231,2026-04-28T14:30:55Z,S1,STATION_HEARTBEAT,"{""dock_occupied"": 1, ""power_connected"": true}"
40232,2026-04-28T14:31:00Z,S1,STATION_HEARTBEAT,"{""dock_occupied"": 1, ""power_connected"": true}"
40233,2026-04-28T14:31:05Z,S1,STATION_HEARTBEAT,"{""dock_occupied"": 1, ""power_connected"": true}"
40234,2026-04-28T14:31:35Z,S1,STATION_HEARTBEAT,"{""dock_occupied"": 1, ""power_connected"": true}"
40235,2026-04-28T14:31:40Z,S1,STATION_HEARTBEAT,"{""dock_occupied"": 1, ""power_connected"": true}"
40236,2026-04-28T14:31:45Z,S1,STATION_HEARTBEAT,"{""dock_occupied"": 1, ""power_connected"": true}"
40237,2026-04-28T14:31:50Z,S1,STATION_HEARTBEAT,"{""dock_occupied"": 1, ""power_connected"": true}"
40238,2026-04-28T14:31:55Z,S1,STATION_HEARTBEAT,"{""dock_occupied"": 1, ""power_connected"": true}"
40239,2026-04-28T14:32:00Z,S1,STATION_HEARTBEAT,"{""dock_occupied"": 1, ""power_connected"": true}"
40240,2026-04-28T14:32:05Z,S1,STATION_HEARTBEAT,"{""dock_occupied"": 1, ""power_connected"": true}"
40241,2026-04-28T14:32:10Z,S1,STATION_HEARTBEAT,"{""dock_occupied"": 1, ""power_connected"": true}"
40242,2026-04-28T14:32:15Z,S1,STATION_HEARTBEAT,"{""dock_occupied"": 1, ""power_connected"": true}"
40243,2026-04-28T14:32:26Z,S1,STATION_HEARTBEAT,"{""dock_occupied"": 1, ""power_connected"": true}"
40244,2026-04-28T14:32:30Z,S1,STATION_HEARTBEAT,"{""dock_occupied"": 1, ""power_connected"": true}"
40245,2026-04-28T14:32:36Z,S1,STATION_HEARTBEAT,"{""dock_occupied"": 1, ""power_connected"": true}"
40246,2026-04-28T14:32:41Z,S1,STATION_HEARTBEAT,"{""dock_occupied"": 1, ""power_connected"": true}"
40247,2026-04-28T14:32:46Z,S1,STATION_HEARTBEAT,"{""dock_occupied"": 1, ""power_connected"": true}"
40248,2026-04-28T15:22:38Z,S1,STATION_HEARTBEAT,"{""dock_occupied"": 1, ""power_connected"": true}"
40249,2026-04-28T15:22:43Z,S1,STATION_HEARTBEAT,"{""dock_occupied"": 1, ""power_connected"": true}"
40250,2026-04-28T15:22:48Z,S1,STATION_HEARTBEAT,"{""dock_occupied"": 1, ""power_connected"": true}"
40251,2026-04-28T15:22:53Z,S1,STATION_HEARTBEAT,"{""dock_occupied"": 1, ""power_connected"": true}"
40252,2026-04-28T15:22:58Z,S1,STATION_HEARTBEAT,"{""dock_occupied"": 1, ""power_connected"": true}"
40253,2026-04-28T15:23:03Z,S1,STATION_HEARTBEAT,"{""dock_occupied"": 1, ""power_connected"": true}"
40254,2026-04-28T15:23:08Z,S1,STATION_HEARTBEAT,"{""dock_occupied"": 1, ""power_connected"": true}"
40255,2026-04-28T15:23:13Z,S1,STATION_HEARTBEAT,"{""dock_occupied"": 1, ""power_connected"": true}"
40256,2026-04-28T15:23:18Z,S1,STATION_HEARTBEAT,"{""dock_occupied"": 1, ""power_connected"": true}"
40257,2026-04-28T15:23:23Z,S1,STATION_HEARTBEAT,"{""dock_occupied"": 1, ""power_connected"": true}"
40258,2026-04-28T15:23:28Z,S1,STATION_HEARTBEAT,"{""dock_occupied"": 1, ""power_connected"": true}"
40259,2026-04-28T15:23:33Z,S1,STATION_HEARTBEAT,"{""dock_occupied"": 1, ""power_connected"": true}"
40260,2026-04-28T15:23:38Z,S1,STATION_HEARTBEAT,"{""dock_occupied"": 1, ""power_connected"": true}"
40261,2026-04-28T15:23:43Z,S1,STATION_HEARTBEAT,"{""dock_occupied"": 1, ""power_connected"": true}"
40262,2026-04-28T15:23:48Z,S1,STATION_HEARTBEAT,"{""dock_occupied"": 1, ""power_connected"": true}"
40263,2026-04-28T15:23:54Z,S1,STATION_HEARTBEAT,"{""dock_occupied"": 1, ""power_connected"": true}"
40264,2026-04-28T15:23:58Z,S1,STATION_HEARTBEAT,"{""dock_occupied"": 1, ""power_connected"": true}"
40265,2026-04-28T15:24:04Z,S1,STATION_HEARTBEAT,"{""dock_occupied"": 1, ""power_connected"": true}"
40266,2026-04-28T15:24:08Z,S1,STATION_HEARTBEAT,"{""dock_occupied"": 1, ""power_connected"": true}"
40267,2026-04-28T15:24:14Z,S1,STATION_HEARTBEAT,"{""dock_occupied"": 1, ""power_connected"": true}"
40268,2026-04-28T15:24:18Z,S1,STATION_HEARTBEAT,"{""dock_occupied"": 1, ""power_connected"": true}"
40269,2026-04-28T15:24:24Z,S1,STATION_HEARTBEAT,"{""dock_occupied"": 1, ""power_connected"": true}"
40270,2026-04-28T15:24:29Z,S1,STATION_HEARTBEAT,"{""dock_occupied"": 1, ""power_connected"": true}"
40271,2026-04-28T15:24:34Z,S1,STATION_HEARTBEAT,"{""dock_occupied"": 1, ""power_connected"": true}"
40272,2026-04-28T15:24:39Z,S1,STATION_HEARTBEAT,"{""dock_occupied"": 1, ""power_connected"": true}"
40273,2026-04-28T15:24:44Z,S1,STATION_HEARTBEAT,"{""dock_occupied"": 1, ""power_connected"": true}"
40274,2026-04-28T15:24:49Z,S1,STATION_HEARTBEAT,"{""dock_occupied"": 1, ""power_connected"": true}"
40275,2026-04-28T15:24:54Z,S1,STATION_HEARTBEAT,"{""dock_occupied"": 1, ""power_connected"": true}"
40276,2026-04-28T15:24:59Z,S1,STATION_HEARTBEAT,"{""dock_occupied"": 1, ""power_connected"": true}"
40277,2026-04-28T15:25:04Z,S1,STATION_HEARTBEAT,"{""dock_occupied"": 1, ""power_connected"": true}"
40278,2026-04-28T15:25:09Z,S1,STATION_HEARTBEAT,"{""dock_occupied"": 1, ""power_connected"": true}"
40279,2026-04-28T15:25:14Z,S1,STATION_HEARTBEAT,"{""dock_occupied"": 1, ""power_connected"": true}"
40280,2026-04-28T15:25:19Z,S1,STATION_HEARTBEAT,"{""dock_occupied"": 1, ""power_connected"": true}"
40281,2026-04-28T15:25:24Z,S1,STATION_HEARTBEAT,"{""dock_occupied"": 1, ""power_connected"": true}"
40282,2026-04-28T15:25:29Z,S1,STATION_HEARTBEAT,"{""dock_occupied"": 1, ""power_connected"": true}"
40283,2026-04-28T15:25:34Z,S1,STATION_HEARTBEAT,"{""dock_occupied"": 1, ""power_connected"": true}"
40284,2026-04-28T15:25:39Z,S1,STATION_HEARTBEAT,"{""dock_occupied"": 1, ""power_connected"": true}"
40285,2026-04-28T15:25:44Z,S1,STATION_HEARTBEAT,"{""dock_occupied"": 1, ""power_connected"": true}"
40286,2026-04-28T15:25:49Z,S1,STATION_HEARTBEAT,"{""dock_occupied"": 1, ""power_connected"": true}"
40287,2026-04-28T15:25:54Z,S1,STATION_HEARTBEAT,"{""dock_occupied"": 1, ""power_connected"": true}"
40288,2026-04-28T15:25:59Z,S1,STATION_HEARTBEAT,"{""dock_occupied"": 1, ""power_connected"": true}"
40289,2026-04-28T15:26:04Z,S1,STATION_HEARTBEAT,"{""dock_occupied"": 1, ""power_connected"": true}"
40290,2026-04-28T15:26:09Z,S1,STATION_HEARTBEAT,"{""dock_occupied"": 1, ""power_connected"": true}"
40291,2026-04-28T15:26:14Z,S1,STATION_HEARTBEAT,"{""dock_occupied"": 1, ""power_connected"": true}"
40292,2026-04-28T15:26:19Z,S1,STATION_HEARTBEAT,"{""dock_occupied"": 1, ""power_connected"": true}"
40293,2026-04-28T15:26:24Z,S1,STATION_HEARTBEAT,"{""dock_occupied"": 1, ""power_connected"": true}"
40294,2026-04-28T15:26:29Z,S1,STATION_HEARTBEAT,"{""dock_occupied"": 1, ""power_connected"": true}"
40295,2026-04-28T15:26:34Z,S1,STATION_HEARTBEAT,"{""dock_occupied"": 1, ""power_connected"": true}"
40296,2026-04-28T15:26:39Z,S1,STATION_HEARTBEAT,"{""dock_occupied"": 1, ""power_connected"": true}"
40297,2026-04-28T15:26:44Z,S1,STATION_HEARTBEAT,"{""dock_occupied"": 1, ""power_connected"": true}"
40298,2026-04-28T15:26:49Z,S1,STATION_HEARTBEAT,"{""dock_occupied"": 1, ""power_connected"": true}"
40299,2026-04-28T15:26:54Z,S1,STATION_HEARTBEAT,"{""dock_occupied"": 1, ""power_connected"": true}"
40300,2026-04-28T15:26:59Z,S1,STATION_HEARTBEAT,"{""dock_occupied"": 1, ""power_connected"": true}"
40301,2026-04-28T15:27:04Z,S1,STATION_HEARTBEAT,"{""dock_occupied"": 1, ""power_connected"": true}"
40302,2026-04-28T15:27:09Z,S1,STATION_HEARTBEAT,"{""dock_occupied"": 1, ""power_connected"": true}"
40303,2026-04-28T15:27:14Z,S1,STATION_HEARTBEAT,"{""dock_occupied"": 1, ""power_connected"": true}"
40304,2026-04-28T15:27:19Z,S1,STATION_HEARTBEAT,"{""dock_occupied"": 1, ""power_connected"": true}"
40305,2026-04-28T15:27:24Z,S1,STATION_HEARTBEAT,"{""dock_occupied"": 1, ""power_connected"": true}"
40306,2026-04-28T15:27:29Z,S1,STATION_HEARTBEAT,"{""dock_occupied"": 1, ""power_connected"": true}"
40307,2026-04-28T15:27:34Z,S1,STATION_HEARTBEAT,"{""dock_occupied"": 1, ""power_connected"": true}"
40308,2026-04-28T15:27:39Z,S1,STATION_HEARTBEAT,"{""dock_occupied"": 1, ""power_connected"": true}"
40309,2026-04-28T15:27:44Z,S1,STATION_HEARTBEAT,"{""dock_occupied"": 1, ""power_connected"": true}"
40310,2026-04-28T15:27:49Z,S1,STATION_HEARTBEAT,"{""dock_occupied"": 1, ""power_connected"": true}"
40311,2026-04-28T15:27:54Z,S1,STATION_HEARTBEAT,"{""dock_occupied"": 1, ""power_connected"": true}"
40312,2026-04-28T15:27:59Z,S1,STATION_HEARTBEAT,"{""dock_occupied"": 1, ""power_connected"": true}"
40313,2026-04-28T15:28:04Z,S1,STATION_HEARTBEAT,"{""dock_occupied"": 1, ""power_connected"": true}"
40314,2026-04-28T15:28:09Z,S1,STATION_HEARTBEAT,"{""dock_occupied"": 1, ""power_connected"": true}"
40315,2026-04-28T15:28:14Z,S1,STATION_HEARTBEAT,"{""dock_occupied"": 1, ""power_connected"": true}"
40316,2026-04-28T15:28:19Z,S1,STATION_HEARTBEAT,"{""dock_occupied"": 1, ""power_connected"": true}"
40317,2026-04-28T15:28:24Z,S1,STATION_HEARTBEAT,"{""dock_occupied"": 1, ""power_connected"": true}"
40318,2026-04-28T15:28:29Z,S1,STATION_HEARTBEAT,"{""dock_occupied"": 1, ""power_connected"": true}"
40319,2026-04-28T15:28:34Z,S1,STATION_HEARTBEAT,"{""dock_occupied"": 1, ""power_connected"": true}"
40320,2026-04-28T15:28:39Z,S1,STATION_HEARTBEAT,"{""dock_occupied"": 1, ""power_connected"": true}"
40321,2026-04-28T15:28:44Z,S1,STATION_HEARTBEAT,"{""dock_occupied"": 1, ""power_connected"": true}"
40322,2026-04-28T15:28:49Z,S1,STATION_HEARTBEAT,"{""dock_occupied"": 1, ""power_connected"": true}"
40323,2026-04-28T15:28:54Z,S1,STATION_HEARTBEAT,"{""dock_occupied"": 1, ""power_connected"": true}"
40324,2026-04-28T15:28:59Z,S1,STATION_HEARTBEAT,"{""dock_occupied"": 1, ""power_connected"": true}"
40325,2026-04-28T15:29:04Z,S1,STATION_HEARTBEAT,"{""dock_occupied"": 1, ""power_connected"": true}"
40326,2026-04-28T15:29:09Z,S1,STATION_HEARTBEAT,"{""dock_occupied"": 1, ""power_connected"": true}"
40327,2026-04-28T15:29:14Z,S1,STATION_HEARTBEAT,"{""dock_occupied"": 1, ""power_connected"": true}"
40328,2026-04-28T15:29:19Z,S1,STATION_HEARTBEAT,"{""dock_occupied"": 1, ""power_connected"": true}"
40329,2026-04-28T15:29:25Z,S1,STATION_HEARTBEAT,"{""dock_occupied"": 1, ""power_connected"": true}"
40330,2026-04-28T15:29:30Z,S1,STATION_HEARTBEAT,"{""dock_occupied"": 1, ""power_connected"": true}"
40331,2026-04-28T15:29:35Z,S1,STATION_HEARTBEAT,"{""dock_occupied"": 1, ""power_connected"": true}"
40332,2026-04-28T15:29:40Z,S1,STATION_HEARTBEAT,"{""dock_occupied"": 1, ""power_connected"": true}"
40333,2026-04-28T15:29:45Z,S1,STATION_HEARTBEAT,"{""dock_occupied"": 1, ""power_connected"": true}"
40334,2026-04-28T15:29:49Z,S1,STATION_HEARTBEAT,"{""dock_occupied"": 1, ""power_connected"": true}"
40335,2026-04-28T15:29:54Z,S1,STATION_HEARTBEAT,"{""dock_occupied"": 1, ""power_connected"": true}"
40336,2026-04-28T15:30:00Z,S1,STATION_HEARTBEAT,"{""dock_occupied"": 1, ""power_connected"": true}"
40337,2026-04-28T15:30:05Z,S1,STATION_HEARTBEAT,"{""dock_occupied"": 1, ""power_connected"": true}"
40338,2026-04-28T15:30:10Z,S1,STATION_HEARTBEAT,"{""dock_occupied"": 1, ""power_connected"": true}"
40339,2026-04-28T15:30:15Z,S1,STATION_HEARTBEAT,"{""dock_occupied"": 1, ""power_connected"": true}"
40340,2026-04-28T15:30:20Z,S1,STATION_HEARTBEAT,"{""dock_occupied"": 1, ""power_connected"": true}"
40341,2026-04-28T15:30:25Z,S1,STATION_HEARTBEAT,"{""dock_occupied"": 1, ""power_connected"": true}"
40342,2026-04-28T15:30:30Z,S1,STATION_HEARTBEAT,"{""dock_occupied"": 1, ""power_connected"": true}"
40343,2026-04-28T15:30:35Z,S1,STATION_HEARTBEAT,"{""dock_occupied"": 1, ""power_connected"": true}"
40344,2026-04-28T15:30:40Z,S1,STATION_HEARTBEAT,"{""dock_occupied"": 1, ""power_connected"": true}"
40345,2026-04-28T15:30:45Z,S1,STATION_HEARTBEAT,"{""dock_occupied"": 1, ""power_connected"": true}"
40346,2026-04-28T15:30:50Z,S1,STATION_HEARTBEAT,"{""dock_occupied"": 1, ""power_connected"": true}"
40347,2026-04-28T15:30:55Z,S1,STATION_HEARTBEAT,"{""dock_occupied"": 1, ""power_connected"": true}"
40348,2026-04-28T15:31:00Z,S1,STATION_HEARTBEAT,"{""dock_occupied"": 1, ""power_connected"": true}"
40349,2026-04-28T15:31:05Z,S1,STATION_HEARTBEAT,"{""dock_occupied"": 1, ""power_connected"": true}"
40350,2026-04-28T15:31:10Z,S1,STATION_HEARTBEAT,"{""dock_occupied"": 1, ""power_connected"": true}"
40351,2026-04-28T15:31:15Z,S1,STATION_HEARTBEAT,"{""dock_occupied"": 1, ""power_connected"": true}"
40352,2026-04-28T15:31:20Z,S1,STATION_HEARTBEAT,"{""dock_occupied"": 1, ""power_connected"": true}"
40353,2026-04-28T15:31:25Z,S1,STATION_HEARTBEAT,"{""dock_occupied"": 1, ""power_connected"": true}"
40354,2026-04-28T15:31:30Z,S1,STATION_HEARTBEAT,"{""dock_occupied"": 1, ""power_connected"": true}"
40355,2026-04-28T15:31:35Z,S1,STATION_HEARTBEAT,"{""dock_occupied"": 1, ""power_connected"": true}"
40356,2026-04-28T15:31:40Z,S1,STATION_HEARTBEAT,"{""dock_occupied"": 1, ""power_connected"": true}"
40357,2026-04-28T15:31:45Z,S1,STATION_HEARTBEAT,"{""dock_occupied"": 1, ""power_connected"": true}"
40358,2026-04-28T15:31:50Z,S1,STATION_HEARTBEAT,"{""dock_occupied"": 1, ""power_connected"": true}"
40359,2026-04-28T15:31:55Z,S1,STATION_HEARTBEAT,"{""dock_occupied"": 1, ""power_connected"": true}"
40360,2026-04-28T15:32:00Z,S1,STATION_HEARTBEAT,"{""dock_occupied"": 1, ""power_connected"": true}"
40361,2026-04-28T15:32:05Z,S1,STATION_HEARTBEAT,"{""dock_occupied"": 1, ""power_connected"": true}"
40362,2026-04-28T15:32:10Z,S1,STATION_HEARTBEAT,"{""dock_occupied"": 1, ""power_connected"": true}"
40363,2026-04-28T15:32:15Z,S1,STATION_HEARTBEAT,"{""dock_occupied"": 1, ""power_connected"": true}"
40364,2026-04-28T15:32:20Z,S1,STATION_HEARTBEAT,"{""dock_occupied"": 1, ""power_connected"": true}"
40365,2026-04-28T15:32:25Z,S1,STATION_HEARTBEAT,"{""dock_occupied"": 1, ""power_connected"": true}"
40366,2026-04-28T15:32:30Z,S1,STATION_HEARTBEAT,"{""dock_occupied"": 1, ""power_connected"": true}"
40367,2026-04-28T15:32:35Z,S1,STATION_HEARTBEAT,"{""dock_occupied"": 1, ""power_connected"": true}"
40368,2026-04-28T15:32:40Z,S1,STATION_HEARTBEAT,"{""dock_occupied"": 1, ""power_connected"": true}"
40369,2026-04-28T15:32:45Z,S1,STATION_HEARTBEAT,"{""dock_occupied"": 1, ""power_connected"": true}"
40370,2026-04-28T15:32:50Z,S1,STATION_HEARTBEAT,"{""dock_occupied"": 1, ""power_connected"": true}"
40371,2026-04-28T15:32:55Z,S1,STATION_HEARTBEAT,"{""dock_occupied"": 1, ""power_connected"": true}"
40372,2026-04-28T15:33:00Z,S1,STATION_HEARTBEAT,"{""dock_occupied"": 1, ""power_connected"": true}"
40373,2026-04-28T15:33:05Z,S1,STATION_HEARTBEAT,"{""dock_occupied"": 1, ""power_connected"": true}"
40374,2026-04-28T15:33:10Z,S1,STATION_HEARTBEAT,"{""dock_occupied"": 1, ""power_connected"": true}"
40375,2026-04-28T15:33:15Z,S1,STATION_HEARTBEAT,"{""dock_occupied"": 1, ""power_connected"": true}"
40376,2026-04-28T15:33:20Z,S1,STATION_HEARTBEAT,"{""dock_occupied"": 1, ""power_connected"": true}"
40377,2026-04-28T15:33:25Z,S1,STATION_HEARTBEAT,"{""dock_occupied"": 1, ""power_connected"": true}"
40378,2026-04-28T15:33:30Z,S1,STATION_HEARTBEAT,"{""dock_occupied"": 1, ""power_connected"": true}"
40379,2026-04-28T15:33:35Z,S1,STATION_HEARTBEAT,"{""dock_occupied"": 1, ""power_connected"": true}"
40380,2026-04-28T15:33:40Z,S1,STATION_HEARTBEAT,"{""dock_occupied"": 1, ""power_connected"": true}"
40381,2026-04-28T15:33:45Z,S1,STATION_HEARTBEAT,"{""dock_occupied"": 1, ""power_connected"": true}"
40382,2026-04-28T15:33:50Z,S1,STATION_HEARTBEAT,"{""dock_occupied"": 1, ""power_connected"": true}"
40383,2026-04-28T15:33:55Z,S1,STATION_HEARTBEAT,"{""dock_occupied"": 1, ""power_connected"": true}"
40384,2026-04-28T15:34:00Z,S1,STATION_HEARTBEAT,"{""dock_occupied"": 1, ""power_connected"": true}"
40385,2026-04-28T15:34:05Z,S1,STATION_HEARTBEAT,"{""dock_occupied"": 1, ""power_connected"": true}"
40386,2026-04-28T15:34:10Z,S1,STATION_HEARTBEAT,"{""dock_occupied"": 1, ""power_connected"": true}"
40387,2026-04-28T15:34:15Z,S1,STATION_HEARTBEAT,"{""dock_occupied"": 1, ""power_connected"": true}"
40388,2026-04-28T15:34:20Z,S1,STATION_HEARTBEAT,"{""dock_occupied"": 1, ""power_connected"": true}"
40389,2026-04-28T15:34:26Z,S1,STATION_HEARTBEAT,"{""dock_occupied"": 1, ""power_connected"": true}"
40390,2026-04-28T15:34:30Z,S1,STATION_HEARTBEAT,"{""dock_occupied"": 1, ""power_connected"": true}"
40391,2026-04-28T15:34:36Z,S1,STATION_HEARTBEAT,"{""dock_occupied"": 1, ""power_connected"": true}"
40392,2026-04-28T15:34:40Z,S1,STATION_HEARTBEAT,"{""dock_occupied"": 1, ""power_connected"": true}"
40393,2026-04-28T15:34:46Z,S1,STATION_HEARTBEAT,"{""dock_occupied"": 1, ""power_connected"": true}"
40394,2026-04-28T15:34:50Z,S1,STATION_HEARTBEAT,"{""dock_occupied"": 1, ""power_connected"": true}"
40395,2026-04-28T15:34:56Z,S1,STATION_HEARTBEAT,"{""dock_occupied"": 1, ""power_connected"": true}"
40396,2026-04-28T15:35:01Z,S1,STATION_HEARTBEAT,"{""dock_occupied"": 1, ""power_connected"": true}"
40397,2026-04-28T15:35:06Z,S1,STATION_HEARTBEAT,"{""dock_occupied"": 1, ""power_connected"": true}"
40398,2026-04-28T15:35:11Z,S1,STATION_HEARTBEAT,"{""dock_occupied"": 1, ""power_connected"": true}"
40399,2026-04-28T15:35:16Z,S1,STATION_HEARTBEAT,"{""dock_occupied"": 1, ""power_connected"": true}"
40400,2026-04-28T15:35:21Z,S1,STATION_HEARTBEAT,"{""dock_occupied"": 1, ""power_connected"": true}"
40401,2026-04-28T15:35:26Z,S1,STATION_HEARTBEAT,"{""dock_occupied"": 1, ""power_connected"": true}"
40402,2026-04-28T15:35:31Z,S1,STATION_HEARTBEAT,"{""dock_occupied"": 1, ""power_connected"": true}"
40403,2026-04-28T15:35:36Z,S1,STATION_HEARTBEAT,"{""dock_occupied"": 1, ""power_connected"": true}"
40404,2026-04-28T15:35:41Z,S1,STATION_HEARTBEAT,"{""dock_occupied"": 1, ""power_connected"": true}"
40405,2026-04-28T15:35:46Z,S1,STATION_HEARTBEAT,"{""dock_occupied"": 1, ""power_connected"": true}"
40406,2026-04-28T15:35:52Z,S1,STATION_HEARTBEAT,"{""dock_occupied"": 1, ""power_connected"": true}"
40407,2026-04-28T15:35:56Z,S1,STATION_HEARTBEAT,"{""dock_occupied"": 1, ""power_connected"": true}"
40408,2026-04-28T15:36:02Z,S1,STATION_HEARTBEAT,"{""dock_occupied"": 1, ""power_connected"": true}"
40409,2026-04-28T15:36:06Z,S1,STATION_HEARTBEAT,"{""dock_occupied"": 1, ""power_connected"": true}"
40410,2026-04-28T18:37:53Z,S1,STATION_HEARTBEAT,"{""dock_occupied"": 1, ""power_connected"": true}"
40411,2026-04-28T18:37:58Z,S1,STATION_HEARTBEAT,"{""dock_occupied"": 1, ""power_connected"": true}"
40412,2026-04-28T18:38:08Z,S1,STATION_HEARTBEAT,"{""dock_occupied"": 1, ""power_connected"": true}"
40413,2026-04-28T18:42:19Z,B1,GPS_UPDATE,"{""lat"": 14.605516, ""lon"": -90.506311, ""gps_time"": ""2026-04-28T18:42:19Z""}"
40414,2026-04-28T18:42:49Z,B1,GPS_UPDATE,"{""lat"": 14.605577, ""lon"": -90.506228, ""gps_time"": ""2026-04-28T18:42:49Z""}"
40415,2026-04-28T18:44:19Z,B1,GPS_UPDATE,"{""lat"": 14.605465, ""lon"": -90.506233, ""gps_time"": ""2026-04-28T18:44:19Z""}"
40416,2026-04-28T18:48:19Z,B1,GPS_UPDATE,"{""lat"": 14.605142, ""lon"": -90.506035, ""gps_time"": ""2026-04-28T18:48:19Z""}"
40417,2026-04-28T18:48:49Z,B1,GPS_UPDATE,"{""lat"": 14.604952, ""lon"": -90.506223, ""gps_time"": ""2026-04-28T18:48:49Z""}"
40418,2026-04-28T18:51:19Z,B1,GPS_UPDATE,"{""lat"": 14.605308, ""lon"": -90.50607, ""gps_time"": ""2026-04-28T18:51:19Z""}"
40419,2026-04-28T18:51:49Z,B1,GPS_UPDATE,"{""lat"": 14.605328, ""lon"": -90.506079, ""gps_time"": ""2026-04-28T18:51:49Z""}"
40420,2026-04-28T18:52:19Z,B1,GPS_UPDATE,"{""lat"": 14.605372, ""lon"": -90.506049, ""gps_time"": ""2026-04-28T18:52:19Z""}"
40421,2026-04-28T18:52:49Z,B1,GPS_UPDATE,"{""lat"": 14.60539, ""lon"": -90.506022, ""gps_time"": ""2026-04-28T18:52:49Z""}"
40423,2026-04-28T18:53:20Z,B1,GPS_UPDATE,"{""lat"": 14.605366, ""lon"": -90.506041, ""gps_time"": ""2026-04-28T18:53:19Z""}"
40422,2026-04-28T18:53:20Z,S1,RENTAL_APPROVED,"{""user_id"": ""U1"", ""bike_id"": ""B1""}"
40424,2026-04-28T18:53:23Z,S1,STATION_HEARTBEAT,"{""dock_occupied"": 1, ""power_connected"": true}"
40425,2026-04-28T18:53:49Z,B1,GPS_UPDATE,"{""lat"": 14.605349, ""lon"": -90.506075, ""gps_time"": ""2026-04-28T18:53:49Z""}"
40426,2026-04-28T18:54:19Z,B1,GPS_UPDATE,"{""lat"": 14.605333, ""lon"": -90.506082, ""gps_time"": ""2026-04-28T18:54:19Z""}"
40427,2026-04-28T18:54:30Z,S1,RENTAL_APPROVED,"{""user_id"": ""U1"", ""bike_id"": ""B1""}"
40429,2026-04-28T18:54:31Z,S1,RENTAL_STARTED,"{""rental_id"": ""f416cf3b-cbb6-4e38-b746-3679279c0e35"", ""user_id"": ""U1"", ""bike_id"": ""B1"", ""start_station_id"": ""S1"", ""start_time"": ""2026-04-28T18:54:31Z""}"
40428,2026-04-28T18:54:31Z,S1,PAYMENT_AUTHORIZED,"{""rental_id"": ""f416cf3b-cbb6-4e38-b746-3679279c0e35"", ""user_id"": ""U1"", ""bike_id"": ""B1"", ""payment_method"": ""mobile_web""}"
40430,2026-04-28T18:54:49Z,B1,GPS_UPDATE,"{""lat"": 14.605296, ""lon"": -90.5061, ""gps_time"": ""2026-04-28T18:54:49Z""}"
40431,2026-04-28T18:55:19Z,B1,GPS_UPDATE,"{""lat"": 14.605294, ""lon"": -90.506188, ""gps_time"": ""2026-04-28T18:55:19Z""}"
40432,2026-04-28T18:55:28Z,S1,STATION_HEARTBEAT,"{""dock_occupied"": 1, ""power_connected"": true}"
40433,2026-04-28T18:55:33Z,S1,STATION_HEARTBEAT,"{""dock_occupied"": 1, ""power_connected"": true}"
40434,2026-04-28T18:55:49Z,B1,GPS_UPDATE,"{""lat"": 14.605427, ""lon"": -90.506027, ""gps_time"": ""2026-04-28T18:55:49Z""}"
40435,2026-04-28T18:56:13Z,S1,STATION_HEARTBEAT,"{""dock_occupied"": 1, ""power_connected"": true}"
40437,2026-04-28T18:56:21Z,S1,STATION_HEARTBEAT,"{""dock_occupied"": 1, ""power_connected"": true}"
40436,2026-04-28T18:56:21Z,S1,RENTAL_REQUEST_DENIED,"{""user_id"": ""U1"", ""bike_id"": ""B1"", ""reason"": ""user_has_active_rental""}"
40438,2026-04-28T18:56:23Z,S1,STATION_HEARTBEAT,"{""dock_occupied"": 1, ""power_connected"": true}"
40439,2026-04-28T18:56:28Z,S1,STATION_HEARTBEAT,"{""dock_occupied"": 1, ""power_connected"": true}"
40440,2026-04-28T18:56:33Z,S1,STATION_HEARTBEAT,"{""dock_occupied"": 1, ""power_connected"": true}"
40441,2026-04-28T18:56:38Z,S1,STATION_HEARTBEAT,"{""dock_occupied"": 1, ""power_connected"": true}"
40442,2026-04-28T18:56:49Z,B1,GPS_UPDATE,"{""lat"": 14.605641, ""lon"": -90.50562, ""gps_time"": ""2026-04-28T18:56:49Z""}"
40443,2026-04-28T18:57:19Z,B1,GPS_UPDATE,"{""lat"": 14.605704, ""lon"": -90.505548, ""gps_time"": ""2026-04-28T18:57:19Z""}"
40444,2026-04-28T18:57:49Z,B1,GPS_UPDATE,"{""lat"": 14.605704, ""lon"": -90.505548, ""gps_time"": ""2026-04-28T18:57:49Z""}"
40445,2026-04-28T18:58:19Z,B1,GPS_UPDATE,"{""lat"": 14.605976, ""lon"": -90.505306, ""gps_time"": ""2026-04-28T18:58:19Z""}"
40446,2026-04-28T18:58:23Z,S1,STATION_HEARTBEAT,"{""dock_occupied"": 1, ""power_connected"": true}"
40447,2026-04-28T18:58:28Z,S1,STATION_HEARTBEAT,"{""dock_occupied"": 1, ""power_connected"": true}"
40448,2026-04-28T18:58:33Z,S1,STATION_HEARTBEAT,"{""dock_occupied"": 1, ""power_connected"": true}"
40449,2026-04-28T18:58:38Z,S1,STATION_HEARTBEAT,"{""dock_occupied"": 1, ""power_connected"": true}"
40450,2026-04-28T18:58:43Z,S1,STATION_HEARTBEAT,"{""dock_occupied"": 1, ""power_connected"": true}"
40451,2026-04-28T18:58:48Z,S1,STATION_HEARTBEAT,"{""dock_occupied"": 1, ""power_connected"": true}"
40452,2026-04-28T18:58:53Z,S1,STATION_HEARTBEAT,"{""dock_occupied"": 1, ""power_connected"": true}"
40453,2026-04-28T18:58:58Z,S1,STATION_HEARTBEAT,"{""dock_occupied"": 1, ""power_connected"": true}"
40454,2026-04-28T18:59:03Z,S1,STATION_HEARTBEAT,"{""dock_occupied"": 1, ""power_connected"": true}"
40455,2026-04-28T18:59:08Z,S1,STATION_HEARTBEAT,"{""dock_occupied"": 1, ""power_connected"": true}"
40456,2026-04-28T18:59:13Z,S1,STATION_HEARTBEAT,"{""dock_occupied"": 1, ""power_connected"": true}"
40457,2026-04-28T18:59:18Z,S1,STATION_HEARTBEAT,"{""dock_occupied"": 1, ""power_connected"": true}"
40458,2026-04-28T18:59:43Z,S1,STATION_HEARTBEAT,"{""dock_occupied"": 1, ""power_connected"": true}"
40459,2026-04-28T19:03:19Z,B1,GPS_UPDATE,"{""lat"": 14.605481, ""lon"": -90.505963, ""gps_time"": ""2026-04-28T19:03:19Z""}"
40461,2026-04-28T19:03:47Z,S1,RENTAL_COMPLETED,"{""rental_id"": ""f416cf3b-cbb6-4e38-b746-3679279c0e35"", ""bike_id"": ""B1"", ""end_station_id"": ""S1"", ""duration_minutes"": 9.27, ""simulated_cost"": 9.27, ""power_connected"": true, ""lock_confirmed"": true}"
40460,2026-04-28T19:03:47Z,S1,PAYMENT_CAPTURED,"{""rental_id"": ""f416cf3b-cbb6-4e38-b746-3679279c0e35"", ""bike_id"": ""B1"", ""payment_method"": ""mobile_web"", ""simulated_cost"": 9.27}"
40462,2026-04-28T19:03:49Z,B1,GPS_UPDATE,"{""lat"": 14.605329, ""lon"": -90.506122, ""gps_time"": ""2026-04-28T19:03:49Z""}"
